Received	O
disconnect	O
from	O
183.62.140.253:	B
11:	B
Bye	O
Bye	O
[preauth]	O

pam_unix(sshd:auth):	O
check	O
pass;	O
user	O
unknown	O

pam_unix(sshd:auth):	O
authentication	O
failure;	O
logname=	O
uid=0	B
euid=0	B
tty=ssh	O
ruser=	O
rhost=112.95.230.3	B

Failed	O
password	O
for	O
root	B
from	O
183.62.140.253	B
port	O
39309	B
ssh2	O

reverse	O
mapping	O
checking	O
getaddrinfo	O
for	O
customer-187-141-143-180-sta.uninet-ide.com.mx	B
[187.141.143.180]	B
failed	O
-	O
POSSIBLE	O
BREAK-IN	O
ATTEMPT!	O

Invalid	O
user	O
Management	B
from	O
103.99.0.122	B

error:	O
Received	O
disconnect	O
from	O
103.99.0.122:	B
14:	B
No	O
more	O
user	O
authentication	O
methods	O
available.	O
[preauth]	O

Disconnecting:	O
Too	O
many	O
authentication	O
failures	O
for	O
root	B
[preauth]	O

pam_unix(sshd:auth):	O
authentication	O
failure;	O
logname=	B
uid=0	B
euid=0	B
tty=ssh	B
ruser=	B
rhost=183.62.140.253	B
user=root	B

pam_unix(sshd:auth):	O
check	O
pass;	O
user	O
unknown	O

pam_unix(sshd:auth):	O
authentication	O
failure;	O
logname=	B
uid=0	B
euid=0	B
tty=ssh	B
ruser=	B
rhost=183.62.140.253	B
user=root	B

Received	O
disconnect	O
from	O
183.62.140.253:	B
11:	B
Bye	O
Bye	O
[preauth]	O

Failed	O
password	O
for	O
root	B
from	O
183.62.140.253	B
port	O
50562	B
ssh2	O

Failed	O
password	O
for	O
root	B
from	O
183.62.140.253	B
port	O
44163	B
ssh2	O

input_userauth_request:	O
invalid	O
user	O
inspur	B
[preauth]	O

Failed	O
password	O
for	O
root	B
from	O
183.62.140.253	B
port	O
53697	B
ssh2	O

reverse	O
mapping	O
checking	O
getaddrinfo	O
for	O
customer-187-141-143-180-sta.uninet-ide.com.mx	B
[187.141.143.180]	B
failed	O
-	O
POSSIBLE	O
BREAK-IN	O
ATTEMPT!	O

Received	O
disconnect	O
from	O
112.95.230.3:	B
11:	B
Bye	O
Bye	O
[preauth]	O

Failed	O
password	O
for	O
root	B
from	O
112.95.230.3	B
port	O
58304	B
ssh2	O

input_userauth_request:	O
invalid	O
user	O
0	B
[preauth]	O

Failed	O
password	O
for	O
invalid	O
user	O
admin	B
from	O
103.99.0.122	B
port	O
56901	B
ssh2	O

error:	O
Received	O
disconnect	O
from	O
103.99.0.122:	B
14:	B
No	O
more	O
user	O
authentication	O
methods	O
available.	O
[preauth]	O

pam_unix(sshd:auth):	O
authentication	O
failure;	O
logname=	B
uid=0	B
euid=0	B
tty=ssh	B
ruser=	B
rhost=183.62.140.253	B
user=root	B

pam_unix(sshd:auth):	O
authentication	O
failure;	O
logname=	B
uid=0	B
euid=0	B
tty=ssh	B
ruser=	B
rhost=183.62.140.253	B
user=root	B

pam_unix(sshd:auth):	O
authentication	O
failure;	O
logname=	B
uid=0	B
euid=0	B
tty=ssh	B
ruser=	B
rhost=112.95.230.3	B
user=root	B

input_userauth_request:	O
invalid	O
user	O
oracle	B
[preauth]	O

error:	O
Received	O
disconnect	O
from	O
103.99.0.122:	B
14:	B
No	O
more	O
user	O
authentication	O
methods	O
available.	O
[preauth]	O

pam_unix(sshd:auth):	O
authentication	O
failure;	O
logname=	B
uid=0	B
euid=0	B
tty=ssh	B
ruser=	B
rhost=183.62.140.253	B
user=root	B

Received	O
disconnect	O
from	O
183.62.140.253:	B
11:	B
Bye	O
Bye	O
[preauth]	O

pam_unix(sshd:auth):	O
authentication	O
failure;	O
logname=	B
uid=0	B
euid=0	B
tty=ssh	B
ruser=	B
rhost=183.62.140.253	B
user=root	B

Failed	O
password	O
for	O
invalid	O
user	O
guest	B
from	O
103.99.0.122	B
port	O
52172	B
ssh2	O

input_userauth_request:	O
invalid	O
user	O
oracle	B
[preauth]	O

error:	O
Received	O
disconnect	O
from	O
103.99.0.122:	B
14:	B
No	O
more	O
user	O
authentication	O
methods	O
available.	O
[preauth]	O

Invalid	O
user	O
magnos	B
from	O
187.141.143.180	B

Failed	O
password	O
for	O
root	B
from	O
183.62.140.253	B
port	O
53309	B
ssh2	O

Failed	O
password	O
for	O
root	B
from	O
187.141.143.180	B
port	O
47004	B
ssh2	O

Received	O
disconnect	O
from	O
183.62.140.253:	B
11:	B
Bye	O
Bye	O
[preauth]	O

Received	O
disconnect	O
from	O
183.62.140.253:	B
11:	B
Bye	O
Bye	O
[preauth]	O

Received	O
disconnect	O
from	O
52.80.34.196:	B
11:	B
Bye	O
Bye	O
[preauth]	O

Failed	O
password	O
for	O
root	B
from	O
183.62.140.253	B
port	O
43714	B
ssh2	O

Failed	O
password	O
for	O
root	B
from	O
183.62.140.253	B
port	O
55072	B
ssh2	O

Failed	O
password	O
for	O
invalid	O
user	O
admin	B
from	O
185.190.58.151	B
port	O
41650	B
ssh2	O

Received	O
disconnect	O
from	O
183.62.140.253:	B
11:	B
Bye	O
Bye	O
[preauth]	O

Invalid	O
user	O
nagios1	B
from	O
187.141.143.180	B

pam_unix(sshd:auth):	O
authentication	O
failure;	O
logname=	B
uid=0	B
euid=0	B
tty=ssh	B
ruser=	B
rhost=187.141.143.180	B
user=root	B

Received	O
disconnect	O
from	O
183.62.140.253:	B
11:	B
Bye	O
Bye	O
[preauth]	O

pam_unix(sshd:auth):	O
check	O
pass;	O
user	O
unknown	O

Failed	O
password	O
for	O
invalid	O
user	O
operator	B
from	O
103.99.0.122	B
port	O
53492	B
ssh2	O

Failed	O
password	O
for	O
root	B
from	O
183.62.140.253	B
port	O
44861	B
ssh2	O

Failed	O
password	O
for	O
root	B
from	O
187.141.143.180	B
port	O
57704	B
ssh2	O

Received	O
disconnect	O
from	O
183.62.140.253:	B
11:	B
Bye	O
Bye	O
[preauth]	O

Connection	O
closed	O
by	O
5.188.10.180	B
[preauth]	O

Invalid	O
user	O
ted	B
from	O
187.141.143.180	B

input_userauth_request:	O
invalid	O
user	O
1234	B
[preauth]	O

reverse	O
mapping	O
checking	O
getaddrinfo	O
for	O
customer-187-141-143-180-sta.uninet-ide.com.mx	B
[187.141.143.180]	B
failed	O
-	O
POSSIBLE	O
BREAK-IN	O
ATTEMPT!	O

Received	O
disconnect	O
from	O
183.62.140.253:	B
11:	B
Bye	O
Bye	O
[preauth]	O

Invalid	O
user	O
eoor	B
from	O
187.141.143.180	B

Failed	O
password	O
for	O
root	B
from	O
183.62.140.253	B
port	O
57292	B
ssh2	O

Received	O
disconnect	O
from	O
187.141.143.180:	B
11:	B
Bye	O
Bye	O
[preauth]	O

pam_unix(sshd:auth):	O
authentication	O
failure;	O
logname=	B
uid=0	B
euid=0	B
tty=ssh	B
ruser=	B
rhost=183.62.140.253	B
user=root	B

Failed	O
password	O
for	O
root	B
from	O
112.95.230.3	B
port	O
42881	B
ssh2	O

Failed	O
password	O
for	O
root	B
from	O
183.62.140.253	B
port	O
36335	B
ssh2	O

Invalid	O
user	O
cyrus	B
from	O
187.141.143.180	B

Failed	O
password	O
for	O
root	B
from	O
183.62.140.253	B
port	O
41908	B
ssh2	O

Failed	O
password	O
for	O
ftp	B
from	O
5.188.10.180	B
port	O
54715	B
ssh2	O

Failed	O
password	O
for	O
root	B
from	O
103.99.0.122	B
port	O
63012	B
ssh2	O

Failed	O
password	O
for	O
invalid	O
user	O
abc	B
from	O
187.141.143.180	B
port	O
58106	B
ssh2	O

error:	O
Received	O
disconnect	O
from	O
195.154.37.122:	B
3:	B
com.jcraft.jsch.JSchException:	B
Auth	O
fail	O
[preauth]	O

pam_unix(sshd:auth):	O
authentication	O
failure;	O
logname=	B
uid=0	B
euid=0	B
tty=ssh	B
ruser=	B
rhost=183.62.140.253	B
user=root	B

pam_unix(sshd:auth):	O
authentication	O
failure;	O
logname=	B
uid=0	B
euid=0	B
tty=ssh	B
ruser=	B
rhost=187.141.143.180	B
user=root	B

Failed	O
password	O
for	O
root	B
from	O
183.62.140.253	B
port	O
60948	B
ssh2	O

Failed	O
password	O
for	O
root	B
from	O
183.62.140.253	B
port	O
36265	B
ssh2	O

Failed	O
password	O
for	O
root	B
from	O
183.62.140.253	B
port	O
33304	B
ssh2	O

Received	O
disconnect	O
from	O
183.62.140.253:	B
11:	B
Bye	O
Bye	O
[preauth]	O

Failed	O
password	O
for	O
root	B
from	O
183.62.140.253	B
port	O
41350	B
ssh2	O

Failed	O
password	O
for	O
invalid	O
user	O
oracle	B
from	O
187.141.143.180	B
port	O
52276	B
ssh2	O

Failed	O
password	O
for	O
root	B
from	O
183.62.140.253	B
port	O
50263	B
ssh2	O

pam_unix(sshd:auth):	O
authentication	O
failure;	O
logname=	O
uid=0	B
euid=0	B
tty=ssh	O
ruser=	O
rhost=103.99.0.122	B

pam_unix(sshd:auth):	O
authentication	O
failure;	O
logname=	B
uid=0	B
euid=0	B
tty=ssh	B
ruser=	B
rhost=183.62.140.253	B
user=root	B

pam_unix(sshd:auth):	O
check	O
pass;	O
user	O
unknown	O

pam_unix(sshd:auth):	O
authentication	O
failure;	O
logname=	B
uid=0	B
euid=0	B
tty=ssh	B
ruser=	B
rhost=112.95.230.3	B
user=root	B

Received	O
disconnect	O
from	O
183.62.140.253:	B
11:	B
Bye	O
Bye	O
[preauth]	O

Invalid	O
user	O
admin	B
from	O
103.99.0.122	B

pam_unix(sshd:auth):	O
authentication	O
failure;	O
logname=	B
uid=0	B
euid=0	B
tty=ssh	B
ruser=	B
rhost=183.62.140.253	B
user=root	B

pam_unix(sshd:auth):	O
authentication	O
failure;	O
logname=	B
uid=0	B
euid=0	B
tty=ssh	B
ruser=	B
rhost=187.141.143.180	B
user=root	B

Invalid	O
user	O
test	B
from	O
52.80.34.196	B

pam_unix(sshd:auth):	O
authentication	O
failure;	O
logname=	B
uid=0	B
euid=0	B
tty=ssh	B
ruser=	B
rhost=183.62.140.253	B
user=root	B

Received	O
disconnect	O
from	O
183.62.140.253:	B
11:	B
Bye	O
Bye	O
[preauth]	O

Received	O
disconnect	O
from	O
183.62.140.253:	B
11:	B
Bye	O
Bye	O
[preauth]	O

Connection	O
closed	O
by	O
5.188.10.180	B
[preauth]	O

Invalid	O
user	O
admin	B
from	O
103.99.0.122	B

pam_unix(sshd:auth):	O
authentication	O
failure;	O
logname=	B
uid=0	B
euid=0	B
tty=ssh	B
ruser=	B
rhost=183.62.140.253	B
user=root	B

pam_unix(sshd:auth):	O
check	O
pass;	O
user	O
unknown	O

pam_unix(sshd:auth):	O
authentication	O
failure;	O
logname=	B
uid=0	B
euid=0	B
tty=ssh	B
ruser=	B
rhost=183.62.140.253	B
user=root	B

Received	O
disconnect	O
from	O
183.62.140.253:	B
11:	B
Bye	O
Bye	O
[preauth]	O

Failed	O
password	O
for	O
invalid	O
user	O
oracle	B
from	O
187.141.143.180	B
port	O
53550	B
ssh2	O

input_userauth_request:	O
invalid	O
user	O
admin	B
[preauth]	O

input_userauth_request:	O
invalid	O
user	O
nagios	B
[preauth]	O

Received	O
disconnect	O
from	O
187.141.143.180:	B
11:	B
Bye	O
Bye	O
[preauth]	O

pam_unix(sshd:auth):	O
authentication	O
failure;	O
logname=	O
uid=0	B
euid=0	B
tty=ssh	O
ruser=	O
rhost=103.99.0.122	B

Received	O
disconnect	O
from	O
183.62.140.253:	B
11:	B
Bye	O
Bye	O
[preauth]	O

reverse	O
mapping	O
checking	O
getaddrinfo	O
for	O
customer-187-141-143-180-sta.uninet-ide.com.mx	B
[187.141.143.180]	B
failed	O
-	O
POSSIBLE	O
BREAK-IN	O
ATTEMPT!	O

Failed	O
password	O
for	O
root	B
from	O
183.62.140.253	B
port	O
57092	B
ssh2	O

Received	O
disconnect	O
from	O
183.62.140.253:	B
11:	B
Bye	O
Bye	O
[preauth]	O

Received	O
disconnect	O
from	O
183.62.140.253:	B
11:	B
Bye	O
Bye	O
[preauth]	O

reverse	O
mapping	O
checking	O
getaddrinfo	O
for	O
191-210-223-172.user.vivozap.com.br	B
[191.210.223.172]	B
failed	O
-	O
POSSIBLE	O
BREAK-IN	O
ATTEMPT!	O

pam_unix(sshd:auth):	O
authentication	O
failure;	O
logname=	B
uid=0	B
euid=0	B
tty=ssh	B
ruser=	B
rhost=183.62.140.253	B
user=root	B

Received	O
disconnect	O
from	O
183.62.140.253:	B
11:	B
Bye	O
Bye	O
[preauth]	O

pam_unix(sshd:auth):	O
authentication	O
failure;	O
logname=	O
uid=0	B
euid=0	B
tty=ssh	O
ruser=	O
rhost=103.99.0.122	B

Failed	O
password	O
for	O
invalid	O
user	O
cheng	B
from	O
202.100.179.208	B
port	O
32891	B
ssh2	O

pam_unix(sshd:auth):	O
authentication	O
failure;	O
logname=	B
uid=0	B
euid=0	B
tty=ssh	B
ruser=	B
rhost=183.62.140.253	B
user=root	B

pam_unix(sshd:auth):	O
check	O
pass;	O
user	O
unknown	O

pam_unix(sshd:auth):	O
check	O
pass;	O
user	O
unknown	O

Invalid	O
user	O
FILTER	B
from	O
104.192.3.34	B

reverse	O
mapping	O
checking	O
getaddrinfo	O
for	O
customer-187-141-143-180-sta.uninet-ide.com.mx	B
[187.141.143.180]	B
failed	O
-	O
POSSIBLE	O
BREAK-IN	O
ATTEMPT!	O

pam_unix(sshd:auth):	O
authentication	O
failure;	O
logname=	B
uid=0	B
euid=0	B
tty=ssh	B
ruser=	B
rhost=187.141.143.180	B
user=root	B

pam_unix(sshd:auth):	O
authentication	O
failure;	O
logname=	B
uid=0	B
euid=0	B
tty=ssh	B
ruser=	B
rhost=183.62.140.253	B
user=root	B

pam_unix(sshd:auth):	O
authentication	O
failure;	O
logname=	B
uid=0	B
euid=0	B
tty=ssh	B
ruser=	B
rhost=183.62.140.253	B
user=root	B

Failed	O
password	O
for	O
invalid	O
user	O
oracle	B
from	O
183.62.140.253	B
port	O
47098	B
ssh2	O

pam_unix(sshd:auth):	O
authentication	O
failure;	O
logname=	B
uid=0	B
euid=0	B
tty=ssh	B
ruser=	B
rhost=103.99.0.122	B
user=root	B

Received	O
disconnect	O
from	O
183.62.140.253:	B
11:	B
Bye	O
Bye	O
[preauth]	O

pam_unix(sshd:auth):	O
authentication	O
failure;	O
logname=	B
uid=0	B
euid=0	B
tty=ssh	B
ruser=	B
rhost=187.141.143.180	B
user=root	B

Received	O
disconnect	O
from	O
183.62.140.253:	B
11:	B
Bye	O
Bye	O
[preauth]	O

Received	O
disconnect	O
from	O
183.62.140.253:	B
11:	B
Bye	O
Bye	O
[preauth]	O

pam_unix(sshd:auth):	O
authentication	O
failure;	O
logname=	B
uid=0	B
euid=0	B
tty=ssh	B
ruser=	B
rhost=183.62.140.253	B
user=root	B

pam_unix(sshd:auth):	O
authentication	O
failure;	O
logname=	B
uid=0	B
euid=0	B
tty=ssh	B
ruser=	B
rhost=112.95.230.3	B
user=root	B

pam_unix(sshd:auth):	O
authentication	O
failure;	O
logname=	O
uid=0	B
euid=0	B
tty=ssh	O
ruser=	O
rhost=103.99.0.122	B

Failed	O
password	O
for	O
root	B
from	O
183.62.140.253	B
port	O
59113	B
ssh2	O

pam_unix(sshd:auth):	O
check	O
pass;	O
user	O
unknown	O

Received	O
disconnect	O
from	O
183.62.140.253:	B
11:	B
Bye	O
Bye	O
[preauth]	O

Received	O
disconnect	O
from	O
187.141.143.180:	B
11:	B
Bye	O
Bye	O
[preauth]	O

Invalid	O
user	O
support	B
from	O
103.207.39.16	B

Failed	O
password	O
for	O
root	B
from	O
187.141.143.180	B
port	O
40414	B
ssh2	O

pam_unix(sshd:auth):	O
authentication	O
failure;	O
logname=	B
uid=0	B
euid=0	B
tty=ssh	B
ruser=	B
rhost=123.235.32.19	B
user=root	B

Invalid	O
user	O
operator	B
from	O
103.99.0.122	B

Failed	O
password	O
for	O
git	B
from	O
183.62.140.253	B
port	O
48527	B
ssh2	O

Failed	O
password	O
for	O
root	B
from	O
183.62.140.253	B
port	O
45648	B
ssh2	O

Failed	O
password	O
for	O
root	B
from	O
183.62.140.253	B
port	O
33258	B
ssh2	O

pam_unix(sshd:auth):	O
authentication	O
failure;	O
logname=	B
uid=0	B
euid=0	B
tty=ssh	B
ruser=	B
rhost=187.141.143.180	B
user=root	B

pam_unix(sshd:auth):	O
authentication	O
failure;	O
logname=	O
uid=0	B
euid=0	B
tty=ssh	O
ruser=	O
rhost=103.99.0.122	B

Received	O
disconnect	O
from	O
183.62.140.253:	B
11:	B
Bye	O
Bye	O
[preauth]	O

pam_unix(sshd:auth):	O
authentication	O
failure;	O
logname=	O
uid=0	B
euid=0	B
tty=ssh	O
ruser=	O
rhost=183.62.140.253	B

pam_unix(sshd:auth):	O
authentication	O
failure;	O
logname=	B
uid=0	B
euid=0	B
tty=ssh	B
ruser=	B
rhost=187.141.143.180	B
user=ftp	B

pam_unix(sshd:auth):	O
authentication	O
failure;	O
logname=	B
uid=0	B
euid=0	B
tty=ssh	B
ruser=	B
rhost=183.62.140.253	B
user=root	B

pam_unix(sshd:auth):	O
authentication	O
failure;	O
logname=	B
uid=0	B
euid=0	B
tty=ssh	B
ruser=	B
rhost=183.62.140.253	B
user=root	B

reverse	O
mapping	O
checking	O
getaddrinfo	O
for	O
customer-187-141-143-180-sta.uninet-ide.com.mx	B
[187.141.143.180]	B
failed	O
-	O
POSSIBLE	O
BREAK-IN	O
ATTEMPT!	O

Failed	O
password	O
for	O
invalid	O
user	O
matlab	B
from	O
52.80.34.196	B
port	O
46199	B
ssh2	O

reverse	O
mapping	O
checking	O
getaddrinfo	O
for	O
customer-187-141-143-180-sta.uninet-ide.com.mx	B
[187.141.143.180]	B
failed	O
-	O
POSSIBLE	O
BREAK-IN	O
ATTEMPT!	O

Invalid	O
user	O
user	B
from	O
103.99.0.122	B

Failed	O
password	O
for	O
invalid	O
user	O
Management	B
from	O
103.99.0.122	B
port	O
55028	B
ssh2	O

Received	O
disconnect	O
from	O
183.62.140.253:	B
11:	B
Bye	O
Bye	O
[preauth]	O

pam_unix(sshd:auth):	O
authentication	O
failure;	O
logname=	B
uid=0	B
euid=0	B
tty=ssh	B
ruser=	B
rhost=183.62.140.253	B
user=root	B

pam_unix(sshd:auth):	O
authentication	O
failure;	O
logname=	B
uid=0	B
euid=0	B
tty=ssh	B
ruser=	B
rhost=183.62.140.253	B
user=root	B

reverse	O
mapping	O
checking	O
getaddrinfo	O
for	O
customer-187-141-143-180-sta.uninet-ide.com.mx	B
[187.141.143.180]	B
failed	O
-	O
POSSIBLE	O
BREAK-IN	O
ATTEMPT!	O

pam_unix(sshd:auth):	O
authentication	O
failure;	O
logname=	B
uid=0	B
euid=0	B
tty=ssh	B
ruser=	B
rhost=183.62.140.253	B
user=root	B

Failed	O
password	O
for	O
root	B
from	O
183.62.140.253	B
port	O
52269	B
ssh2	O

Received	O
disconnect	O
from	O
187.141.143.180:	B
11:	B
Bye	O
Bye	O
[preauth]	O

pam_unix(sshd:auth):	O
authentication	O
failure;	O
logname=	B
uid=0	B
euid=0	B
tty=ssh	B
ruser=	B
rhost=183.62.140.253	B
user=root	B

Received	O
disconnect	O
from	O
183.62.140.253:	B
11:	B
Bye	O
Bye	O
[preauth]	O

pam_unix(sshd:auth):	O
authentication	O
failure;	O
logname=	O
uid=0	B
euid=0	B
tty=ssh	O
ruser=	O
rhost=187.141.143.180	B

Received	O
disconnect	O
from	O
187.141.143.180:	B
11:	B
Bye	O
Bye	O
[preauth]	O

error:	O
Received	O
disconnect	O
from	O
103.99.0.122:	B
14:	B
No	O
more	O
user	O
authentication	O
methods	O
available.	O
[preauth]	O

Failed	O
password	O
for	O
root	B
from	O
106.5.5.195	B
port	O
50719	B
ssh2	O

pam_unix(sshd:auth):	O
authentication	O
failure;	O
logname=	B
uid=0	B
euid=0	B
tty=ssh	B
ruser=	B
rhost=183.62.140.253	B
user=root	B

Invalid	O
user	O
inspur	B
from	O
183.136.162.51	B

pam_unix(sshd:auth):	O
check	O
pass;	O
user	O
unknown	O

pam_unix(sshd:auth):	O
authentication	O
failure;	O
logname=	B
uid=0	B
euid=0	B
tty=ssh	B
ruser=	B
rhost=183.62.140.253	B
user=root	B

pam_unix(sshd:auth):	O
authentication	O
failure;	O
logname=	B
uid=0	B
euid=0	B
tty=ssh	B
ruser=	B
rhost=112.95.230.3	B
user=root	B

pam_unix(sshd:auth):	O
authentication	O
failure;	O
logname=	B
uid=0	B
euid=0	B
tty=ssh	B
ruser=	B
rhost=183.62.140.253	B
user=root	B

input_userauth_request:	O
invalid	O
user	O
admin	B
[preauth]	O

Failed	O
password	O
for	O
invalid	O
user	O
admin	B
from	O
185.190.58.151	B
port	O
49673	B
ssh2	O

Received	O
disconnect	O
from	O
183.62.140.253:	B
11:	B
Bye	O
Bye	O
[preauth]	O

pam_unix(sshd:auth):	O
check	O
pass;	O
user	O
unknown	O

pam_unix(sshd:auth):	O
authentication	O
failure;	O
logname=	B
uid=0	B
euid=0	B
tty=ssh	B
ruser=	B
rhost=183.62.140.253	B
user=root	B

Received	O
disconnect	O
from	O
183.62.140.253:	B
11:	B
Bye	O
Bye	O
[preauth]	O

pam_unix(sshd:auth):	O
authentication	O
failure;	O
logname=	O
uid=0	B
euid=0	B
tty=ssh	O
ruser=	O
rhost=103.99.0.122	B

Failed	O
password	O
for	O
root	B
from	O
183.62.140.253	B
port	O
55249	B
ssh2	O

Failed	O
password	O
for	O
root	B
from	O
123.235.32.19	B
port	O
50950	B
ssh2	O

pam_unix(sshd:auth):	O
authentication	O
failure;	O
logname=	O
uid=0	B
euid=0	B
tty=ssh	O
ruser=	O
rhost=187.141.143.180	B

pam_unix(sshd:auth):	O
authentication	O
failure;	O
logname=	O
uid=0	B
euid=0	B
tty=ssh	O
ruser=	O
rhost=187.141.143.180	B

pam_unix(sshd:auth):	O
authentication	O
failure;	O
logname=	B
uid=0	B
euid=0	B
tty=ssh	B
ruser=	B
rhost=183.62.140.253	B
user=root	B

input_userauth_request:	O
invalid	O
user	O
matlab	B
[preauth]	O

Failed	O
password	O
for	O
root	B
from	O
183.62.140.253	B
port	O
40631	B
ssh2	O

Failed	O
password	O
for	O
invalid	O
user	O
ftpuser	B
from	O
103.99.0.122	B
port	O
60836	B
ssh2	O

pam_unix(sshd:auth):	O
authentication	O
failure;	O
logname=	B
uid=0	B
euid=0	B
tty=ssh	B
ruser=	B
rhost=183.62.140.253	B
user=root	B

Received	O
disconnect	O
from	O
183.62.140.253:	B
11:	B
Bye	O
Bye	O
[preauth]	O

pam_unix(sshd:auth):	O
check	O
pass;	O
user	O
unknown	O

Received	O
disconnect	O
from	O
183.62.140.253:	B
11:	B
Bye	O
Bye	O
[preauth]	O

Failed	O
password	O
for	O
root	B
from	O
183.62.140.253	B
port	O
34091	B
ssh2	O

pam_unix(sshd:auth):	O
check	O
pass;	O
user	O
unknown	O

Received	O
disconnect	O
from	O
183.62.140.253:	B
11:	B
Bye	O
Bye	O
[preauth]	O

Received	O
disconnect	O
from	O
183.62.140.253:	B
11:	B
Bye	O
Bye	O
[preauth]	O

Received	O
disconnect	O
from	O
183.62.140.253:	B
11:	B
Bye	O
Bye	O
[preauth]	O

error:	O
Received	O
disconnect	O
from	O
103.99.0.122:	B
14:	B
No	O
more	O
user	O
authentication	O
methods	O
available.	O
[preauth]	O

pam_unix(sshd:auth):	O
authentication	O
failure;	O
logname=	B
uid=0	B
euid=0	B
tty=ssh	B
ruser=	B
rhost=183.62.140.253	B
user=root	B

Received	O
disconnect	O
from	O
183.62.140.253:	B
11:	B
Bye	O
Bye	O
[preauth]	O

error:	O
Received	O
disconnect	O
from	O
103.99.0.122:	B
14:	B
No	O
more	O
user	O
authentication	O
methods	O
available.	O
[preauth]	O

pam_unix(sshd:auth):	O
authentication	O
failure;	O
logname=	B
uid=0	B
euid=0	B
tty=ssh	B
ruser=	B
rhost=183.62.140.253	B
user=root	B

Failed	O
password	O
for	O
root	B
from	O
187.141.143.180	B
port	O
57037	B
ssh2	O

Failed	O
password	O
for	O
invalid	O
user	O
test2	B
from	O
187.141.143.180	B
port	O
48023	B
ssh2	O

pam_unix(sshd:auth):	O
check	O
pass;	O
user	O
unknown	O

pam_unix(sshd:auth):	O
authentication	O
failure;	O
logname=	O
uid=0	B
euid=0	B
tty=ssh	O
ruser=	O
rhost=187.141.143.180	B

Connection	O
closed	O
by	O
173.234.31.186	B
[preauth]	O

pam_unix(sshd:auth):	O
authentication	O
failure;	O
logname=	B
uid=0	B
euid=0	B
tty=ssh	B
ruser=	B
rhost=183.62.140.253	B
user=root	B

pam_unix(sshd:auth):	O
authentication	O
failure;	O
logname=	B
uid=0	B
euid=0	B
tty=ssh	B
ruser=	B
rhost=183.62.140.253	B
user=root	B

Failed	O
password	O
for	O
root	B
from	O
183.62.140.253	B
port	O
33635	B
ssh2	O

pam_unix(sshd:auth):	O
authentication	O
failure;	O
logname=	B
uid=0	B
euid=0	B
tty=ssh	B
ruser=	B
rhost=187.141.143.180	B
user=root	B

Invalid	O
user	O
dff	B
from	O
183.62.140.253	B

Failed	O
password	O
for	O
root	B
from	O
183.62.140.253	B
port	O
44532	B
ssh2	O

input_userauth_request:	O
invalid	O
user	O
1234	B
[preauth]	O

Received	O
disconnect	O
from	O
183.62.140.253:	B
11:	B
Bye	O
Bye	O
[preauth]	O

Failed	O
password	O
for	O
invalid	O
user	O
admin	B
from	O
5.188.10.180	B
port	O
60682	B
ssh2	O

Failed	O
password	O
for	O
root	B
from	O
183.62.140.253	B
port	O
43897	B
ssh2	O

pam_unix(sshd:auth):	O
authentication	O
failure;	O
logname=	B
uid=0	B
euid=0	B
tty=ssh	B
ruser=	B
rhost=183.62.140.253	B
user=root	B

reverse	O
mapping	O
checking	O
getaddrinfo	O
for	O
customer-187-141-143-180-sta.uninet-ide.com.mx	B
[187.141.143.180]	B
failed	O
-	O
POSSIBLE	O
BREAK-IN	O
ATTEMPT!	O

Received	O
disconnect	O
from	O
183.62.140.253:	B
11:	B
Bye	O
Bye	O
[preauth]	O

Failed	O
password	O
for	O
root	B
from	O
183.62.140.253	B
port	O
39237	B
ssh2	O

Received	O
disconnect	O
from	O
183.62.140.253:	B
11:	B
Bye	O
Bye	O
[preauth]	O

pam_unix(sshd:auth):	O
authentication	O
failure;	O
logname=	O
uid=0	B
euid=0	B
tty=ssh	O
ruser=	O
rhost=103.99.0.122	B

Received	O
disconnect	O
from	O
183.62.140.253:	B
11:	B
Bye	O
Bye	O
[preauth]	O

pam_unix(sshd:auth):	O
authentication	O
failure;	O
logname=	B
uid=0	B
euid=0	B
tty=ssh	B
ruser=	B
rhost=183.62.140.253	B
user=root	B

input_userauth_request:	O
invalid	O
user	O
www	B
[preauth]	O

Received	O
disconnect	O
from	O
183.62.140.253:	B
11:	B
Bye	O
Bye	O
[preauth]	O

PAM	O
4	B
more	O
authentication	O
failures;	O
logname=	O
uid=0	B
euid=0	B
tty=ssh	O
ruser=	O
rhost=185.190.58.151	B

Failed	O
password	O
for	O
root	B
from	O
183.62.140.253	B
port	O
42606	B
ssh2	O

Received	O
disconnect	O
from	O
183.62.140.253:	B
11:	B
Bye	O
Bye	O
[preauth]	O

Invalid	O
user	O
cheng	B
from	O
202.100.179.208	B

Invalid	O
user	O
webmaster	B
from	O
173.234.31.186	B

pam_unix(sshd:auth):	O
authentication	O
failure;	O
logname=	B
uid=0	B
euid=0	B
tty=ssh	B
ruser=	B
rhost=183.62.140.253	B
user=root	B

reverse	O
mapping	O
checking	O
getaddrinfo	O
for	O
customer-187-141-143-180-sta.uninet-ide.com.mx	B
[187.141.143.180]	B
failed	O
-	O
POSSIBLE	O
BREAK-IN	O
ATTEMPT!	O

Disconnecting:	O
Too	O
many	O
authentication	O
failures	O
for	O
admin	B
[preauth]	O

pam_unix(sshd:auth):	O
authentication	O
failure;	O
logname=	B
uid=0	B
euid=0	B
tty=ssh	B
ruser=	B
rhost=112.95.230.3	B
user=root	B

Failed	O
password	O
for	O
invalid	O
user	O
admin	B
from	O
5.188.10.180	B
port	O
59647	B
ssh2	O

Invalid	O
user	O
oracle	B
from	O
187.141.143.180	B

pam_unix(sshd:auth):	O
authentication	O
failure;	O
logname=	B
uid=0	B
euid=0	B
tty=ssh	B
ruser=	B
rhost=183.62.140.253	B
user=root	B

Received	O
disconnect	O
from	O
183.62.140.253:	B
11:	B
Bye	O
Bye	O
[preauth]	O

Failed	O
password	O
for	O
root	B
from	O
187.141.143.180	B
port	O
37678	B
ssh2	O

input_userauth_request:	O
invalid	O
user	O
pi	B
[preauth]	O

Failed	O
password	O
for	O
root	B
from	O
123.235.32.19	B
port	O
40652	B
ssh2	O

Failed	O
password	O
for	O
invalid	O
user	O
pi	B
from	O
103.99.0.122	B
port	O
49289	B
ssh2	O

pam_unix(sshd:auth):	O
authentication	O
failure;	O
logname=	B
uid=0	B
euid=0	B
tty=ssh	B
ruser=	B
rhost=183.62.140.253	B
user=root	B

pam_unix(sshd:auth):	O
authentication	O
failure;	O
logname=	B
uid=0	B
euid=0	B
tty=ssh	B
ruser=	B
rhost=183.62.140.253	B
user=root	B

Received	O
disconnect	O
from	O
103.207.39.165:	B
11:	B
Closed	O
due	O
to	O
user	O
request.	O
[preauth]	O

Received	O
disconnect	O
from	O
183.62.140.253:	B
11:	B
Bye	O
Bye	O
[preauth]	O

Failed	O
password	O
for	O
invalid	O
user	O
admin	B
from	O
119.4.203.64	B
port	O
2191	B
ssh2	O

Failed	O
password	O
for	O
root	B
from	O
183.62.140.253	B
port	O
57707	B
ssh2	O

input_userauth_request:	O
invalid	O
user	O
inspur	B
[preauth]	O

Failed	O
password	O
for	O
root	B
from	O
183.62.140.253	B
port	O
44125	B
ssh2	O

Failed	O
password	O
for	O
root	B
from	O
183.62.140.253	B
port	O
41083	B
ssh2	O

pam_unix(sshd:auth):	O
authentication	O
failure;	O
logname=	B
uid=0	B
euid=0	B
tty=ssh	B
ruser=	B
rhost=183.62.140.253	B
user=root	B

Invalid	O
user	O
guest	B
from	O
5.188.10.180	B

Connection	O
closed	O
by	O
5.188.10.180	B
[preauth]	O

Received	O
disconnect	O
from	O
183.62.140.253:	B
11:	B
Bye	O
Bye	O
[preauth]	O

pam_unix(sshd:auth):	O
authentication	O
failure;	O
logname=	B
uid=0	B
euid=0	B
tty=ssh	B
ruser=	B
rhost=60.2.12.12	B
user=root	B

Failed	O
password	O
for	O
root	B
from	O
183.62.140.253	B
port	O
45512	B
ssh2	O

Failed	O
password	O
for	O
invalid	O
user	O
admin	B
from	O
185.190.58.151	B
port	O
44155	B
ssh2	O

pam_unix(sshd:auth):	O
check	O
pass;	O
user	O
unknown	O

Failed	O
password	O
for	O
root	B
from	O
183.62.140.253	B
port	O
40213	B
ssh2	O

Failed	O
password	O
for	O
root	B
from	O
183.62.140.253	B
port	O
58028	B
ssh2	O

input_userauth_request:	O
invalid	O
user	O
nagios1	B
[preauth]	O

input_userauth_request:	O
invalid	O
user	O
operator	B
[preauth]	O

pam_unix(sshd:auth):	O
authentication	O
failure;	O
logname=	B
uid=0	B
euid=0	B
tty=ssh	B
ruser=	B
rhost=183.62.140.253	B
user=root	B

Received	O
disconnect	O
from	O
183.62.140.253:	B
11:	B
Bye	O
Bye	O
[preauth]	O

pam_unix(sshd:auth):	O
authentication	O
failure;	O
logname=	B
uid=0	B
euid=0	B
tty=ssh	B
ruser=	B
rhost=103.99.0.122	B
user=sshd	B

pam_unix(sshd:auth):	O
authentication	O
failure;	O
logname=	B
uid=0	B
euid=0	B
tty=ssh	B
ruser=	B
rhost=183.62.140.253	B
user=root	B

pam_unix(sshd:auth):	O
authentication	O
failure;	O
logname=	O
uid=0	B
euid=0	B
tty=ssh	O
ruser=	O
rhost=103.99.0.122	B

pam_unix(sshd:auth):	O
authentication	O
failure;	O
logname=	B
uid=0	B
euid=0	B
tty=ssh	B
ruser=	B
rhost=183.62.140.253	B
user=root	B

Received	O
disconnect	O
from	O
187.141.143.180:	B
11:	B
Bye	O
Bye	O
[preauth]	O

input_userauth_request:	O
invalid	O
user	O
admin	B
[preauth]	O

Received	O
disconnect	O
from	O
183.62.140.253:	B
11:	B
Bye	O
Bye	O
[preauth]	O

pam_unix(sshd:auth):	O
authentication	O
failure;	O
logname=	O
uid=0	B
euid=0	B
tty=ssh	O
ruser=	O
rhost=103.99.0.122	B

Invalid	O
user	O
www	B
from	O
187.141.143.180	B

Failed	O
password	O
for	O
invalid	O
user	O
bssh	B
from	O
187.141.143.180	B
port	O
49412	B
ssh2	O

Failed	O
password	O
for	O
root	B
from	O
183.62.140.253	B
port	O
37652	B
ssh2	O

Received	O
disconnect	O
from	O
187.141.143.180:	B
11:	B
Bye	O
Bye	O
[preauth]	O

pam_unix(sshd:auth):	O
check	O
pass;	O
user	O
unknown	O

pam_unix(sshd:auth):	O
authentication	O
failure;	O
logname=	B
uid=0	B
euid=0	B
tty=ssh	B
ruser=	B
rhost=103.99.0.122	B
user=root	B

input_userauth_request:	O
invalid	O
user	O
admin	B
[preauth]	O

Received	O
disconnect	O
from	O
123.235.32.19:	B
11:	B
Bye	O
Bye	O
[preauth]	O

pam_unix(sshd:auth):	O
authentication	O
failure;	O
logname=	B
uid=0	B
euid=0	B
tty=ssh	B
ruser=	B
rhost=187.141.143.180	B
user=root	B

Failed	O
password	O
for	O
root	B
from	O
112.95.230.3	B
port	O
50999	B
ssh2	O

Received	O
disconnect	O
from	O
183.62.140.253:	B
11:	B
Bye	O
Bye	O
[preauth]	O

Failed	O
password	O
for	O
root	B
from	O
183.62.140.253	B
port	O
46626	B
ssh2	O

error:	O
Received	O
disconnect	O
from	O
103.99.0.122:	B
14:	B
No	O
more	O
user	O
authentication	O
methods	O
available.	O
[preauth]	O

pam_unix(sshd:auth):	O
authentication	O
failure;	O
logname=	B
uid=0	B
euid=0	B
tty=ssh	B
ruser=	B
rhost=183.62.140.253	B
user=root	B

error:	O
Received	O
disconnect	O
from	O
103.99.0.122:	B
14:	B
No	O
more	O
user	O
authentication	O
methods	O
available.	O
[preauth]	O

reverse	O
mapping	O
checking	O
getaddrinfo	O
for	O
ns.marryaldkfaczcz.com	B
[173.234.31.186]	B
failed	O
-	O
POSSIBLE	O
BREAK-IN	O
ATTEMPT!	O

Received	O
disconnect	O
from	O
183.136.162.51:	B
11:	B
Bye	O
Bye	O
[preauth]	O

Failed	O
password	O
for	O
root	B
from	O
183.62.140.253	B
port	O
58882	B
ssh2	O

pam_unix(sshd:auth):	O
authentication	O
failure;	O
logname=	B
uid=0	B
euid=0	B
tty=ssh	B
ruser=	B
rhost=183.62.140.253	B
user=root	B

pam_unix(sshd:auth):	O
authentication	O
failure;	O
logname=	B
uid=0	B
euid=0	B
tty=ssh	B
ruser=	B
rhost=123.235.32.19	B
user=root	B

pam_unix(sshd:auth):	O
check	O
pass;	O
user	O
unknown	O

Did	O
not	O
receive	O
identification	O
string	O
from	O
123.235.32.19	B

Failed	O
password	O
for	O
root	B
from	O
112.95.230.3	B
port	O
59849	B
ssh2	O

pam_unix(sshd:auth):	O
authentication	O
failure;	O
logname=	B
uid=0	B
euid=0	B
tty=ssh	B
ruser=	B
rhost=187.141.143.180	B
user=root	B

pam_unix(sshd:auth):	O
authentication	O
failure;	O
logname=	B
uid=0	B
euid=0	B
tty=ssh	B
ruser=	B
rhost=183.62.140.253	B
user=root	B

pam_unix(sshd:auth):	O
authentication	O
failure;	O
logname=	B
uid=0	B
euid=0	B
tty=ssh	B
ruser=	B
rhost=183.62.140.253	B
user=root	B

Failed	O
password	O
for	O
invalid	O
user	O
ftpuser	B
from	O
103.99.0.122	B
port	O
62891	B
ssh2	O

Received	O
disconnect	O
from	O
187.141.143.180:	B
11:	B
Bye	O
Bye	O
[preauth]	O

pam_unix(sshd:auth):	O
authentication	O
failure;	O
logname=	B
uid=0	B
euid=0	B
tty=ssh	B
ruser=	B
rhost=183.62.140.253	B
user=root	B

pam_unix(sshd:auth):	O
check	O
pass;	O
user	O
unknown	O

pam_unix(sshd:auth):	O
check	O
pass;	O
user	O
unknown	O

Received	O
disconnect	O
from	O
183.62.140.253:	B
11:	B
Bye	O
Bye	O
[preauth]	O

Failed	O
password	O
for	O
invalid	O
user	O
support	B
from	O
103.207.39.212	B
port	O
52644	B
ssh2	O

pam_unix(sshd:auth):	O
authentication	O
failure;	O
logname=	B
uid=0	B
euid=0	B
tty=ssh	B
ruser=	B
rhost=183.62.140.253	B
user=root	B

Invalid	O
user	O
123456	B
from	O
183.62.140.253	B

Received	O
disconnect	O
from	O
183.62.140.253:	B
11:	B
Bye	O
Bye	O
[preauth]	O

Connection	O
closed	O
by	O
181.214.87.4	B
[preauth]	O

pam_unix(sshd:auth):	O
check	O
pass;	O
user	O
unknown	O

Received	O
disconnect	O
from	O
183.62.140.253:	B
11:	B
Bye	O
Bye	O
[preauth]	O

Failed	O
password	O
for	O
root	B
from	O
183.62.140.253	B
port	O
60231	B
ssh2	O

Failed	O
password	O
for	O
root	B
from	O
183.62.140.253	B
port	O
55368	B
ssh2	O

Received	O
disconnect	O
from	O
103.207.39.16:	B
11:	B
Closed	O
due	O
to	O
user	O
request.	O
[preauth]	O

error:	O
Received	O
disconnect	O
from	O
103.99.0.122:	B
14:	B
No	O
more	O
user	O
authentication	O
methods	O
available.	O
[preauth]	O

pam_unix(sshd:auth):	O
check	O
pass;	O
user	O
unknown	O

pam_unix(sshd:auth):	O
authentication	O
failure;	O
logname=	B
uid=0	B
euid=0	B
tty=ssh	B
ruser=	B
rhost=183.62.140.253	B
user=root	B

pam_unix(sshd:auth):	O
authentication	O
failure;	O
logname=	B
uid=0	B
euid=0	B
tty=ssh	B
ruser=	B
rhost=183.62.140.253	B
user=root	B

pam_unix(sshd:auth):	O
authentication	O
failure;	O
logname=	O
uid=0	B
euid=0	B
tty=ssh	O
ruser=	O
rhost=187.141.143.180	B

pam_unix(sshd:auth):	O
authentication	O
failure;	O
logname=	O
uid=0	B
euid=0	B
tty=ssh	O
ruser=	O
rhost=187.141.143.180	B

pam_unix(sshd:auth):	O
check	O
pass;	O
user	O
unknown	O

reverse	O
mapping	O
checking	O
getaddrinfo	O
for	O
customer-187-141-143-180-sta.uninet-ide.com.mx	B
[187.141.143.180]	B
failed	O
-	O
POSSIBLE	O
BREAK-IN	O
ATTEMPT!	O

pam_unix(sshd:session):	O
session	O
opened	O
for	O
user	O
fztu	B
by	O
(uid=0)	B

error:	O
Received	O
disconnect	O
from	O
103.99.0.122:	B
14:	B
No	O
more	O
user	O
authentication	O
methods	O
available.	O
[preauth]	O

Received	O
disconnect	O
from	O
112.95.230.3:	B
11:	B
Bye	O
Bye	O
[preauth]	O

pam_unix(sshd:auth):	O
authentication	O
failure;	O
logname=	B
uid=0	B
euid=0	B
tty=ssh	B
ruser=	B
rhost=183.62.140.253	B
user=root	B

Failed	O
password	O
for	O
root	B
from	O
183.62.140.253	B
port	O
43666	B
ssh2	O

Failed	O
password	O
for	O
root	B
from	O
183.62.140.253	B
port	O
41439	B
ssh2	O

Failed	O
password	O
for	O
invalid	O
user	O
1234	B
from	O
5.188.10.180	B
port	O
45541	B
ssh2	O

Failed	O
password	O
for	O
root	B
from	O
123.235.32.19	B
port	O
45568	B
ssh2	O

Invalid	O
user	O
deploy	B
from	O
187.141.143.180	B

Failed	O
password	O
for	O
root	B
from	O
183.62.140.253	B
port	O
35893	B
ssh2	O

Received	O
disconnect	O
from	O
187.141.143.180:	B
11:	B
Bye	O
Bye	O
[preauth]	O

Received	O
disconnect	O
from	O
183.62.140.253:	B
11:	B
Bye	O
Bye	O
[preauth]	O

Invalid	O
user	O
admin	B
from	O
5.188.10.180	B

error:	O
Received	O
disconnect	O
from	O
103.99.0.122:	B
14:	B
No	O
more	O
user	O
authentication	O
methods	O
available.	O
[preauth]	O

pam_unix(sshd:auth):	O
check	O
pass;	O
user	O
unknown	O

Failed	O
password	O
for	O
root	B
from	O
183.62.140.253	B
port	O
59422	B
ssh2	O

Received	O
disconnect	O
from	O
183.62.140.253:	B
11:	B
Bye	O
Bye	O
[preauth]	O

reverse	O
mapping	O
checking	O
getaddrinfo	O
for	O
customer-187-141-143-180-sta.uninet-ide.com.mx	B
[187.141.143.180]	B
failed	O
-	O
POSSIBLE	O
BREAK-IN	O
ATTEMPT!	O

PAM	O
service(sshd)	O
ignoring	O
max	O
retries;	O
6	B
>	O
3	B

Failed	O
password	O
for	O
root	B
from	O
183.62.140.253	B
port	O
50101	B
ssh2	O

Invalid	O
user	O
anonymous	B
from	O
103.99.0.122	B

Failed	O
password	O
for	O
root	B
from	O
183.62.140.253	B
port	O
33150	B
ssh2	O

input_userauth_request:	O
invalid	O
user	O
FILTER	B
[preauth]	O

input_userauth_request:	O
invalid	O
user	O
ftpuser	B
[preauth]	O

pam_unix(sshd:auth):	O
check	O
pass;	O
user	O
unknown	O

reverse	O
mapping	O
checking	O
getaddrinfo	O
for	O
customer-187-141-143-180-sta.uninet-ide.com.mx	B
[187.141.143.180]	B
failed	O
-	O
POSSIBLE	O
BREAK-IN	O
ATTEMPT!	O

pam_unix(sshd:auth):	O
authentication	O
failure;	O
logname=	B
uid=0	B
euid=0	B
tty=ssh	B
ruser=	B
rhost=183.62.140.253	B
user=root	B

pam_unix(sshd:auth):	O
authentication	O
failure;	O
logname=	O
uid=0	B
euid=0	B
tty=ssh	O
ruser=	O
rhost=5.188.10.180	B

Failed	O
password	O
for	O
root	B
from	O
112.95.230.3	B
port	O
47836	B
ssh2	O

Failed	O
password	O
for	O
root	B
from	O
183.62.140.253	B
port	O
43213	B
ssh2	O

Failed	O
password	O
for	O
root	B
from	O
183.62.140.253	B
port	O
42931	B
ssh2	O

Disconnecting:	O
Too	O
many	O
authentication	O
failures	O
for	O
root	B
[preauth]	O

Invalid	O
user	O
guest	B
from	O
103.99.0.122	B

Received	O
disconnect	O
from	O
183.62.140.253:	B
11:	B
Bye	O
Bye	O
[preauth]	O

input_userauth_request:	O
invalid	O
user	O
ftpuser	B
[preauth]	O

Failed	O
password	O
for	O
invalid	O
user	O
admin	B
from	O
185.190.58.151	B
port	O
44155	B
ssh2	O

Received	O
disconnect	O
from	O
187.141.143.180:	B
11:	B
Bye	O
Bye	O
[preauth]	O

Received	O
disconnect	O
from	O
183.62.140.253:	B
11:	B
Bye	O
Bye	O
[preauth]	O

Invalid	O
user	O
admin	B
from	O
119.4.203.64	B

input_userauth_request:	O
invalid	O
user	O
admin	B
[preauth]	O

fatal:	O
Write	O
failed:	O
Connection	O
reset	O
by	O
peer	O
[preauth]	O

pam_unix(sshd:auth):	O
authentication	O
failure;	O
logname=	B
uid=0	B
euid=0	B
tty=ssh	B
ruser=	B
rhost=183.62.140.253	B
user=root	B

pam_unix(sshd:auth):	O
check	O
pass;	O
user	O
unknown	O

Received	O
disconnect	O
from	O
187.141.143.180:	B
11:	B
Bye	O
Bye	O
[preauth]	O

pam_unix(sshd:auth):	O
authentication	O
failure;	O
logname=	O
uid=0	B
euid=0	B
tty=ssh	O
ruser=	O
rhost=173.234.31.186	B

pam_unix(sshd:auth):	O
authentication	O
failure;	O
logname=	O
uid=0	B
euid=0	B
tty=ssh	O
ruser=	O
rhost=187.141.143.180	B

pam_unix(sshd:auth):	O
authentication	O
failure;	O
logname=	B
uid=0	B
euid=0	B
tty=ssh	B
ruser=	B
rhost=187.141.143.180	B
user=root	B

Failed	O
password	O
for	O
root	B
from	O
183.62.140.253	B
port	O
50261	B
ssh2	O

pam_unix(sshd:auth):	O
authentication	O
failure;	O
logname=	B
uid=0	B
euid=0	B
tty=ssh	B
ruser=	B
rhost=183.62.140.253	B
user=root	B

Received	O
disconnect	O
from	O
187.141.143.180:	B
11:	B
Bye	O
Bye	O
[preauth]	O

pam_unix(sshd:auth):	O
authentication	O
failure;	O
logname=	B
uid=0	B
euid=0	B
tty=ssh	B
ruser=	B
rhost=187.141.143.180	B
user=root	B

Failed	O
password	O
for	O
root	B
from	O
183.62.140.253	B
port	O
38133	B
ssh2	O

Received	O
disconnect	O
from	O
183.62.140.253:	B
11:	B
Bye	O
Bye	O
[preauth]	O

pam_unix(sshd:auth):	O
authentication	O
failure;	O
logname=	B
uid=0	B
euid=0	B
tty=ssh	B
ruser=	B
rhost=183.62.140.253	B
user=root	B

pam_unix(sshd:auth):	O
authentication	O
failure;	O
logname=	B
uid=0	B
euid=0	B
tty=ssh	B
ruser=	B
rhost=183.62.140.253	B
user=root	B

pam_unix(sshd:auth):	O
check	O
pass;	O
user	O
unknown	O

pam_unix(sshd:auth):	O
authentication	O
failure;	O
logname=	B
uid=0	B
euid=0	B
tty=ssh	B
ruser=	B
rhost=183.62.140.253	B
user=root	B

Received	O
disconnect	O
from	O
183.62.140.253:	B
11:	B
Bye	O
Bye	O
[preauth]	O

pam_unix(sshd:auth):	O
check	O
pass;	O
user	O
unknown	O

input_userauth_request:	O
invalid	O
user	O
admin	B
[preauth]	O

Failed	O
password	O
for	O
invalid	O
user	O
admin	B
from	O
103.99.0.122	B
port	O
57750	B
ssh2	O

reverse	O
mapping	O
checking	O
getaddrinfo	O
for	O
customer-187-141-143-180-sta.uninet-ide.com.mx	B
[187.141.143.180]	B
failed	O
-	O
POSSIBLE	O
BREAK-IN	O
ATTEMPT!	O

pam_unix(sshd:auth):	O
check	O
pass;	O
user	O
unknown	O

Received	O
disconnect	O
from	O
123.235.32.19:	B
11:	B
Bye	O
Bye	O
[preauth]	O

Received	O
disconnect	O
from	O
183.62.140.253:	B
11:	B
Bye	O
Bye	O
[preauth]	O

Failed	O
password	O
for	O
root	B
from	O
183.62.140.253	B
port	O
37854	B
ssh2	O

Failed	O
password	O
for	O
root	B
from	O
183.62.140.253	B
port	O
43391	B
ssh2	O

pam_unix(sshd:auth):	O
authentication	O
failure;	O
logname=	B
uid=0	B
euid=0	B
tty=ssh	B
ruser=	B
rhost=183.62.140.253	B
user=root	B

Received	O
disconnect	O
from	O
183.62.140.253:	B
11:	B
Bye	O
Bye	O
[preauth]	O

Received	O
disconnect	O
from	O
187.141.143.180:	B
11:	B
Bye	O
Bye	O
[preauth]	O

pam_unix(sshd:auth):	O
authentication	O
failure;	O
logname=	B
uid=0	B
euid=0	B
tty=ssh	B
ruser=	B
rhost=123.235.32.19	B
user=root	B

pam_unix(sshd:auth):	O
authentication	O
failure;	O
logname=	B
uid=0	B
euid=0	B
tty=ssh	B
ruser=	B
rhost=112.95.230.3	B
user=root	B

pam_unix(sshd:auth):	O
authentication	O
failure;	O
logname=	B
uid=0	B
euid=0	B
tty=ssh	B
ruser=	B
rhost=183.62.140.253	B
user=root	B

pam_unix(sshd:auth):	O
authentication	O
failure;	O
logname=	B
uid=0	B
euid=0	B
tty=ssh	B
ruser=	B
rhost=60.2.12.12	B
user=root	B

Failed	O
password	O
for	O
invalid	O
user	O
dff	B
from	O
183.62.140.253	B
port	O
33902	B
ssh2	O

input_userauth_request:	O
invalid	O
user	O
cheng	B
[preauth]	O

Failed	O
password	O
for	O
invalid	O
user	O
admin	B
from	O
185.190.58.151	B
port	O
41650	B
ssh2	O

Received	O
disconnect	O
from	O
112.95.230.3:	B
11:	B
Bye	O
Bye	O
[preauth]	O

pam_unix(sshd:auth):	O
authentication	O
failure;	O
logname=	B
uid=0	B
euid=0	B
tty=ssh	B
ruser=	B
rhost=183.62.140.253	B
user=root	B

