Logrecord,Date,Time,Pid,Level,Component,ADDR,Content,EventId
nova-api.log.1.2017-05-16_13:53:08,2017-05-16,00:00:00.008,25746,INFO,nova.osapi_compute.wsgi.server,req-38101a0b-2096-447d-96ea-a692162415ae 113d3a99c3da401fbd62cc2caa5b96d2 54fadb412c4e40cdbaed9335e4c35a9e - - -,"10.11.10.1 ""GET /v2/54fadb412c4e40cdbaed9335e4c35a9e/servers/detail HTTP/1.1"" status: 200 len: 1893 time: 0.2477829",bd2f529c
nova-compute.log.1.2017-05-16_13:55:31,2017-05-16,00:00:04.500,2931,INFO,nova.compute.manager,req-3ea4052c-895d-4b64-9e2d-04d64c4d94ab - - - - -,[instance: b9000564-fe1a-409b-b8cc-1e88b294cd1d] VM Started (Lifecycle Event),8068b26f
nova-compute.log.1.2017-05-16_13:55:31,2017-05-16,00:00:04.693,2931,INFO,nova.compute.manager,req-3ea4052c-895d-4b64-9e2d-04d64c4d94ab - - - - -,[instance: b9000564-fe1a-409b-b8cc-1e88b294cd1d] During sync_power_state the instance has a pending task (spawning). Skip.,3afc63a5
nova-compute.log.1.2017-05-16_13:55:31,2017-05-16,00:00:05.185,2931,INFO,nova.virt.libvirt.imagecache,req-addc1839-2ed5-4778-b57e-5854eb7b8b09 - - - - -,image 0673dd71-34c5-4fbb-86c4-40623fbe45b4 at (/var/lib/nova/instances/_base/a489c868f0c37da93b76227c91bb03908ac0e742): checking,8970be39
nova-compute.log.1.2017-05-16_13:55:31,2017-05-16,00:00:05.186,2931,INFO,nova.virt.libvirt.imagecache,req-addc1839-2ed5-4778-b57e-5854eb7b8b09 - - - - -,"image 0673dd71-34c5-4fbb-86c4-40623fbe45b4 at (/var/lib/nova/instances/_base/a489c868f0c37da93b76227c91bb03908ac0e742): in use: on this node 1 local, 0 on other nodes sharing this instance storage",d7d096ad
nova-compute.log.1.2017-05-16_13:55:31,2017-05-16,00:00:05.367,2931,INFO,nova.virt.libvirt.imagecache,req-addc1839-2ed5-4778-b57e-5854eb7b8b09 - - - - -,Active base files: /var/lib/nova/instances/_base/a489c868f0c37da93b76227c91bb03908ac0e742,7bc5d64e
nova-api.log.1.2017-05-16_13:53:08,2017-05-16,00:00:10.279,25743,INFO,nova.api.openstack.compute.server_external_events,req-ab451068-9756-4ad9-9d18-5ceaa6424627 f7b8d1f1d4d44643b07fa10ca7d021fb e9746973ac574c6b8a9e8857f56a7608 - - -,Creating event network-vif-plugged:e3871ffd-5cd5-4287-bddd-3529f7b59515 for instance b9000564-fe1a-409b-b8cc-1e88b294cd1d,16f9f039
nova-api.log.1.2017-05-16_13:53:08,2017-05-16,00:00:10.285,25743,INFO,nova.osapi_compute.wsgi.server,req-ab451068-9756-4ad9-9d18-5ceaa6424627 f7b8d1f1d4d44643b07fa10ca7d021fb e9746973ac574c6b8a9e8857f56a7608 - - -,"10.11.10.1 ""POST /v2/e9746973ac574c6b8a9e8857f56a7608/os-server-external-events HTTP/1.1"" status: 200 len: 380 time: 0.0913219",e7c5c93a
nova-compute.log.1.2017-05-16_13:55:31,2017-05-16,00:00:10.302,2931,INFO,nova.virt.libvirt.driver,-,[instance: b9000564-fe1a-409b-b8cc-1e88b294cd1d] Instance spawned successfully.,71bd50f3
nova-compute.log.1.2017-05-16_13:55:31,2017-05-16,00:00:10.303,2931,INFO,nova.compute.manager,req-8e64797b-fb99-4c8a-87e5-9a8de673412f 113d3a99c3da401fbd62cc2caa5b96d2 54fadb412c4e40cdbaed9335e4c35a9e - - -,[instance: b9000564-fe1a-409b-b8cc-1e88b294cd1d] Took 19.05 seconds to spawn the instance on the hypervisor.,5cc17dae
nova-compute.log.1.2017-05-16_13:55:31,2017-05-16,00:00:10.470,2931,INFO,nova.compute.manager,req-8e64797b-fb99-4c8a-87e5-9a8de673412f 113d3a99c3da401fbd62cc2caa5b96d2 54fadb412c4e40cdbaed9335e4c35a9e - - -,[instance: b9000564-fe1a-409b-b8cc-1e88b294cd1d] Took 19.84 seconds to build instance.,f98bbe57
nova-compute.log.1.2017-05-16_13:55:31,2017-05-16,00:00:13.658,2931,INFO,nova.compute.resource_tracker,req-addc1839-2ed5-4778-b57e-5854eb7b8b09 - - - - -,Auditing locally available compute resources for node cp-1.slowvm1.tcloud-pg0.utah.cloudlab.us,304a219c
nova-compute.log.1.2017-05-16_13:55:31,2017-05-16,00:00:14.265,2931,INFO,nova.compute.resource_tracker,req-addc1839-2ed5-4778-b57e-5854eb7b8b09 - - - - -,"Total usable vcpus: 16, total allocated vcpus: 1",f436579e
nova-compute.log.1.2017-05-16_13:55:31,2017-05-16,00:00:14.266,2931,INFO,nova.compute.resource_tracker,req-addc1839-2ed5-4778-b57e-5854eb7b8b09 - - - - -,Final resource view: name=cp-1.slowvm1.tcloud-pg0.utah.cloudlab.us phys_ram=64172MB used_ram=2560MB phys_disk=15GB used_disk=20GB total_vcpus=16 used_vcpus=1 pci_stats=[],5935193a
nova-compute.log.1.2017-05-16_13:55:31,2017-05-16,00:00:14.329,2931,INFO,nova.compute.resource_tracker,req-addc1839-2ed5-4778-b57e-5854eb7b8b09 - - - - -,Compute_service record updated for cp-1.slowvm1.tcloud-pg0.utah.cloudlab.us:cp-1.slowvm1.tcloud-pg0.utah.cloudlab.us,9d6775a4
nova-api.log.1.2017-05-16_13:53:08,2017-05-16,00:00:17.504,25746,INFO,nova.osapi_compute.wsgi.server,req-c53a921a-16c7-422e-8c9d-c922a720d047 113d3a99c3da401fbd62cc2caa5b96d2 54fadb412c4e40cdbaed9335e4c35a9e - - -,"10.11.10.1 ""DELETE /v2/54fadb412c4e40cdbaed9335e4c35a9e/servers/b9000564-fe1a-409b-b8cc-1e88b294cd1d HTTP/1.1"" status: 204 len: 203 time: 0.2534380",b07a374b
nova-compute.log.1.2017-05-16_13:55:31,2017-05-16,00:00:17.541,2931,INFO,nova.compute.manager,req-c53a921a-16c7-422e-8c9d-c922a720d047 113d3a99c3da401fbd62cc2caa5b96d2 54fadb412c4e40cdbaed9335e4c35a9e - - -,[instance: b9000564-fe1a-409b-b8cc-1e88b294cd1d] Terminating instance,f805aa5e
nova-compute.log.1.2017-05-16_13:55:31,2017-05-16,00:00:18.450,2931,INFO,nova.virt.libvirt.driver,req-c53a921a-16c7-422e-8c9d-c922a720d047 113d3a99c3da401fbd62cc2caa5b96d2 54fadb412c4e40cdbaed9335e4c35a9e - - -,[instance: b9000564-fe1a-409b-b8cc-1e88b294cd1d] Deleting instance files /var/lib/nova/instances/b9000564-fe1a-409b-b8cc-1e88b294cd1d_del,8abec95e
nova-compute.log.1.2017-05-16_13:55:31,2017-05-16,00:00:18.451,2931,INFO,nova.virt.libvirt.driver,req-c53a921a-16c7-422e-8c9d-c922a720d047 113d3a99c3da401fbd62cc2caa5b96d2 54fadb412c4e40cdbaed9335e4c35a9e - - -,[instance: b9000564-fe1a-409b-b8cc-1e88b294cd1d] Deletion of /var/lib/nova/instances/b9000564-fe1a-409b-b8cc-1e88b294cd1d_del complete,000f9337
nova-compute.log.1.2017-05-16_13:55:31,2017-05-16,00:00:19.050,2931,INFO,nova.compute.manager,req-c53a921a-16c7-422e-8c9d-c922a720d047 113d3a99c3da401fbd62cc2caa5b96d2 54fadb412c4e40cdbaed9335e4c35a9e - - -,[instance: b9000564-fe1a-409b-b8cc-1e88b294cd1d] Took 0.48 seconds to deallocate network for instance.,70efa87f
nova-compute.log.1.2017-05-16_13:55:31,2017-05-16,00:00:20.345,2931,WARNING,nova.virt.libvirt.imagecache,req-addc1839-2ed5-4778-b57e-5854eb7b8b09 - - - - -,Unknown base file: /var/lib/nova/instances/_base/a489c868f0c37da93b76227c91bb03908ac0e742,a7a4ff84
nova-compute.log.1.2017-05-16_13:55:31,2017-05-16,00:00:20.346,2931,INFO,nova.virt.libvirt.imagecache,req-addc1839-2ed5-4778-b57e-5854eb7b8b09 - - - - -,Removable base files: /var/lib/nova/instances/_base/a489c868f0c37da93b76227c91bb03908ac0e742,6a30fe6e
nova-compute.log.1.2017-05-16_13:55:31,2017-05-16,00:00:20.349,2931,INFO,nova.virt.libvirt.imagecache,req-addc1839-2ed5-4778-b57e-5854eb7b8b09 - - - - -,Removing base or swap file: /var/lib/nova/instances/_base/a489c868f0c37da93b76227c91bb03908ac0e742,f5f5f70f
nova-api.log.1.2017-05-16_13:53:08,2017-05-16,00:00:21.067,25746,INFO,nova.api.openstack.wsgi,req-0b851395-2895-44b9-8265-a27d0bb52910 f7b8d1f1d4d44643b07fa10ca7d021fb e9746973ac574c6b8a9e8857f56a7608 - - -,HTTP exception thrown: No instances found for any event,66acd71e
nova-compute.log.1.2017-05-16_13:55:31,2017-05-16,00:00:31.092,2931,INFO,nova.compute.claims,req-6a763803-4838-49c7-814e-eaefbaddee9d 113d3a99c3da401fbd62cc2caa5b96d2 54fadb412c4e40cdbaed9335e4c35a9e - - -,"[instance: 96abccce-8d1f-4e07-b6d1-4b2ab87e23b4] Attempting claim: memory 2048 MB, disk 20 GB, vcpus 1 CPU",aa780d87
nova-compute.log.1.2017-05-16_13:55:31,2017-05-16,00:00:31.093,2931,INFO,nova.compute.claims,req-6a763803-4838-49c7-814e-eaefbaddee9d 113d3a99c3da401fbd62cc2caa5b96d2 54fadb412c4e40cdbaed9335e4c35a9e - - -,"[instance: 96abccce-8d1f-4e07-b6d1-4b2ab87e23b4] Total memory: 64172 MB, used: 512.00 MB",c16e0b8a
nova-compute.log.1.2017-05-16_13:55:31,2017-05-16,00:00:31.094,2931,INFO,nova.compute.claims,req-6a763803-4838-49c7-814e-eaefbaddee9d 113d3a99c3da401fbd62cc2caa5b96d2 54fadb412c4e40cdbaed9335e4c35a9e - - -,"[instance: 96abccce-8d1f-4e07-b6d1-4b2ab87e23b4] Total disk: 15 GB, used: 0.00 GB",de4e8cbf
nova-compute.log.1.2017-05-16_13:55:31,2017-05-16,00:00:31.094,2931,INFO,nova.compute.claims,req-6a763803-4838-49c7-814e-eaefbaddee9d 113d3a99c3da401fbd62cc2caa5b96d2 54fadb412c4e40cdbaed9335e4c35a9e - - -,"[instance: 96abccce-8d1f-4e07-b6d1-4b2ab87e23b4] disk limit not specified, defaulting to unlimited",a6adbd82
nova-compute.log.1.2017-05-16_13:55:31,2017-05-16,00:00:31.127,2931,INFO,nova.compute.claims,req-6a763803-4838-49c7-814e-eaefbaddee9d 113d3a99c3da401fbd62cc2caa5b96d2 54fadb412c4e40cdbaed9335e4c35a9e - - -,[instance: 96abccce-8d1f-4e07-b6d1-4b2ab87e23b4] Claim successful,005b9f41
nova-compute.log.1.2017-05-16_13:55:31,2017-05-16,00:00:44.514,2931,INFO,nova.compute.manager,req-3ea4052c-895d-4b64-9e2d-04d64c4d94ab - - - - -,[instance: 96abccce-8d1f-4e07-b6d1-4b2ab87e23b4] VM Started (Lifecycle Event),6c8466b8
nova-compute.log.1.2017-05-16_13:55:31,2017-05-16,00:00:44.697,2931,INFO,nova.compute.manager,req-3ea4052c-895d-4b64-9e2d-04d64c4d94ab - - - - -,[instance: 96abccce-8d1f-4e07-b6d1-4b2ab87e23b4] During sync_power_state the instance has a pending task (spawning). Skip.,80ff1ab5
nova-compute.log.1.2017-05-16_13:55:31,2017-05-16,00:00:51.658,2931,INFO,nova.virt.libvirt.driver,-,[instance: 96abccce-8d1f-4e07-b6d1-4b2ab87e23b4] Instance spawned successfully.,0e9094e0
nova-compute.log.1.2017-05-16_13:55:31,2017-05-16,00:00:51.659,2931,INFO,nova.compute.manager,req-6a763803-4838-49c7-814e-eaefbaddee9d 113d3a99c3da401fbd62cc2caa5b96d2 54fadb412c4e40cdbaed9335e4c35a9e - - -,[instance: 96abccce-8d1f-4e07-b6d1-4b2ab87e23b4] Took 19.96 seconds to spawn the instance on the hypervisor.,c161423c
nova-compute.log.1.2017-05-16_13:55:31,2017-05-16,00:00:51.794,2931,INFO,nova.compute.manager,req-6a763803-4838-49c7-814e-eaefbaddee9d 113d3a99c3da401fbd62cc2caa5b96d2 54fadb412c4e40cdbaed9335e4c35a9e - - -,[instance: 96abccce-8d1f-4e07-b6d1-4b2ab87e23b4] Took 20.71 seconds to build instance.,01b41746
nova-scheduler.log.1.2017-05-16_13:53:08,2017-05-16,00:00:57.129,25998,INFO,nova.scheduler.host_manager,req-d724a3bd-e314-4f81-a41c-460aa91f24ae - - - - -,Successfully synced instances from host 'cp-1.slowvm1.tcloud-pg0.utah.cloudlab.us'.,732653ea
nova-compute.log.1.2017-05-16_13:55:31,2017-05-16,00:00:59.733,2931,INFO,nova.compute.manager,req-addc1839-2ed5-4778-b57e-5854eb7b8b09 - - - - -,Running instance usage audit for host cp-1.slowvm1.tcloud-pg0.utah.cloudlab.us from 2017-05-16 05:00:00 to 2017-05-16 06:00:00. 87 instances.,535d418b
nova-compute.log.1.2017-05-16_13:55:31,2017-05-16,00:01:00.419,2931,INFO,nova.virt.libvirt.driver,req-d473bea3-588a-441a-8b2a-a137806f8786 113d3a99c3da401fbd62cc2caa5b96d2 54fadb412c4e40cdbaed9335e4c35a9e - - -,[instance: 96abccce-8d1f-4e07-b6d1-4b2ab87e23b4] Deleting instance files /var/lib/nova/instances/96abccce-8d1f-4e07-b6d1-4b2ab87e23b4_del,4ffcf4e8
nova-compute.log.1.2017-05-16_13:55:31,2017-05-16,00:01:00.421,2931,INFO,nova.virt.libvirt.driver,req-d473bea3-588a-441a-8b2a-a137806f8786 113d3a99c3da401fbd62cc2caa5b96d2 54fadb412c4e40cdbaed9335e4c35a9e - - -,[instance: 96abccce-8d1f-4e07-b6d1-4b2ab87e23b4] Deletion of /var/lib/nova/instances/96abccce-8d1f-4e07-b6d1-4b2ab87e23b4_del complete,5f08293e
nova-compute.log.1.2017-05-16_13:55:31,2017-05-16,00:01:01.080,2931,INFO,nova.compute.manager,req-d473bea3-588a-441a-8b2a-a137806f8786 113d3a99c3da401fbd62cc2caa5b96d2 54fadb412c4e40cdbaed9335e4c35a9e - - -,[instance: 96abccce-8d1f-4e07-b6d1-4b2ab87e23b4] Took 0.52 seconds to deallocate network for instance.,cccbe73b
nova-compute.log.1.2017-05-16_13:55:31,2017-05-16,00:01:12.998,2931,INFO,nova.compute.claims,req-97fcea79-42f7-4241-9b9e-63fe193c1929 113d3a99c3da401fbd62cc2caa5b96d2 54fadb412c4e40cdbaed9335e4c35a9e - - -,"[instance: b562ef10-ba2d-48ae-bf4a-18666cba4a51] Attempting claim: memory 2048 MB, disk 20 GB, vcpus 1 CPU",bd00e0e9
nova-compute.log.1.2017-05-16_13:55:31,2017-05-16,00:01:12.999,2931,INFO,nova.compute.claims,req-97fcea79-42f7-4241-9b9e-63fe193c1929 113d3a99c3da401fbd62cc2caa5b96d2 54fadb412c4e40cdbaed9335e4c35a9e - - -,"[instance: b562ef10-ba2d-48ae-bf4a-18666cba4a51] Total memory: 64172 MB, used: 512.00 MB",256e1127
nova-compute.log.1.2017-05-16_13:55:31,2017-05-16,00:01:13.000,2931,INFO,nova.compute.claims,req-97fcea79-42f7-4241-9b9e-63fe193c1929 113d3a99c3da401fbd62cc2caa5b96d2 54fadb412c4e40cdbaed9335e4c35a9e - - -,"[instance: b562ef10-ba2d-48ae-bf4a-18666cba4a51] Total disk: 15 GB, used: 0.00 GB",80f68b2b
nova-compute.log.1.2017-05-16_13:55:31,2017-05-16,00:01:13.000,2931,INFO,nova.compute.claims,req-97fcea79-42f7-4241-9b9e-63fe193c1929 113d3a99c3da401fbd62cc2caa5b96d2 54fadb412c4e40cdbaed9335e4c35a9e - - -,"[instance: b562ef10-ba2d-48ae-bf4a-18666cba4a51] disk limit not specified, defaulting to unlimited",b8a88bd6
nova-compute.log.1.2017-05-16_13:55:31,2017-05-16,00:01:13.033,2931,INFO,nova.compute.claims,req-97fcea79-42f7-4241-9b9e-63fe193c1929 113d3a99c3da401fbd62cc2caa5b96d2 54fadb412c4e40cdbaed9335e4c35a9e - - -,[instance: b562ef10-ba2d-48ae-bf4a-18666cba4a51] Claim successful,e2f085e6
nova-compute.log.1.2017-05-16_13:55:31,2017-05-16,00:01:26.460,2931,INFO,nova.compute.manager,req-3ea4052c-895d-4b64-9e2d-04d64c4d94ab - - - - -,[instance: b562ef10-ba2d-48ae-bf4a-18666cba4a51] VM Started (Lifecycle Event),7708177a
nova-compute.log.1.2017-05-16_13:55:31,2017-05-16,00:01:26.643,2931,INFO,nova.compute.manager,req-3ea4052c-895d-4b64-9e2d-04d64c4d94ab - - - - -,[instance: b562ef10-ba2d-48ae-bf4a-18666cba4a51] During sync_power_state the instance has a pending task (spawning). Skip.,65d180af
nova-compute.log.1.2017-05-16_13:55:31,2017-05-16,00:01:32.992,2931,INFO,nova.virt.libvirt.driver,-,[instance: b562ef10-ba2d-48ae-bf4a-18666cba4a51] Instance spawned successfully.,786a91de
nova-compute.log.1.2017-05-16_13:55:31,2017-05-16,00:01:32.992,2931,INFO,nova.compute.manager,req-97fcea79-42f7-4241-9b9e-63fe193c1929 113d3a99c3da401fbd62cc2caa5b96d2 54fadb412c4e40cdbaed9335e4c35a9e - - -,[instance: b562ef10-ba2d-48ae-bf4a-18666cba4a51] Took 19.37 seconds to spawn the instance on the hypervisor.,a56eae48
nova-compute.log.1.2017-05-16_13:55:31,2017-05-16,00:01:33.126,2931,INFO,nova.compute.manager,req-97fcea79-42f7-4241-9b9e-63fe193c1929 113d3a99c3da401fbd62cc2caa5b96d2 54fadb412c4e40cdbaed9335e4c35a9e - - -,[instance: b562ef10-ba2d-48ae-bf4a-18666cba4a51] Took 20.14 seconds to build instance.,c64e9a6f
nova-compute.log.1.2017-05-16_13:55:31,2017-05-16,00:01:40.859,2931,INFO,nova.virt.libvirt.driver,req-31d09752-6f82-4fc5-ac97-416b9c865af4 113d3a99c3da401fbd62cc2caa5b96d2 54fadb412c4e40cdbaed9335e4c35a9e - - -,[instance: b562ef10-ba2d-48ae-bf4a-18666cba4a51] Deleting instance files /var/lib/nova/instances/b562ef10-ba2d-48ae-bf4a-18666cba4a51_del,f14c5abf
nova-compute.log.1.2017-05-16_13:55:31,2017-05-16,00:01:40.861,2931,INFO,nova.virt.libvirt.driver,req-31d09752-6f82-4fc5-ac97-416b9c865af4 113d3a99c3da401fbd62cc2caa5b96d2 54fadb412c4e40cdbaed9335e4c35a9e - - -,[instance: b562ef10-ba2d-48ae-bf4a-18666cba4a51] Deletion of /var/lib/nova/instances/b562ef10-ba2d-48ae-bf4a-18666cba4a51_del complete,6f56d452
nova-compute.log.1.2017-05-16_13:55:31,2017-05-16,00:01:41.435,2931,INFO,nova.compute.manager,req-31d09752-6f82-4fc5-ac97-416b9c865af4 113d3a99c3da401fbd62cc2caa5b96d2 54fadb412c4e40cdbaed9335e4c35a9e - - -,[instance: b562ef10-ba2d-48ae-bf4a-18666cba4a51] Took 0.45 seconds to deallocate network for instance.,e9d0784d
nova-compute.log.1.2017-05-16_13:55:31,2017-05-16,00:01:45.119,2931,INFO,nova.virt.libvirt.imagecache,req-addc1839-2ed5-4778-b57e-5854eb7b8b09 - - - - -,Base or swap file too young to remove: /var/lib/nova/instances/_base/a489c868f0c37da93b76227c91bb03908ac0e742,13866240
nova-compute.log.1.2017-05-16_13:55:31,2017-05-16,00:01:53.256,2931,INFO,nova.compute.claims,req-caeb3818-dab6-4e8d-9ea6-aceb23905ebc 113d3a99c3da401fbd62cc2caa5b96d2 54fadb412c4e40cdbaed9335e4c35a9e - - -,"[instance: 78dc1847-8848-49cc-933e-9239b12c9dcf] Attempting claim: memory 2048 MB, disk 20 GB, vcpus 1 CPU",7590ec79
nova-compute.log.1.2017-05-16_13:55:31,2017-05-16,00:01:53.257,2931,INFO,nova.compute.claims,req-caeb3818-dab6-4e8d-9ea6-aceb23905ebc 113d3a99c3da401fbd62cc2caa5b96d2 54fadb412c4e40cdbaed9335e4c35a9e - - -,"[instance: 78dc1847-8848-49cc-933e-9239b12c9dcf] Total memory: 64172 MB, used: 512.00 MB",5c7850e2
nova-compute.log.1.2017-05-16_13:55:31,2017-05-16,00:01:53.259,2931,INFO,nova.compute.claims,req-caeb3818-dab6-4e8d-9ea6-aceb23905ebc 113d3a99c3da401fbd62cc2caa5b96d2 54fadb412c4e40cdbaed9335e4c35a9e - - -,"[instance: 78dc1847-8848-49cc-933e-9239b12c9dcf] Total disk: 15 GB, used: 0.00 GB",649e86f7
nova-compute.log.1.2017-05-16_13:55:31,2017-05-16,00:01:53.259,2931,INFO,nova.compute.claims,req-caeb3818-dab6-4e8d-9ea6-aceb23905ebc 113d3a99c3da401fbd62cc2caa5b96d2 54fadb412c4e40cdbaed9335e4c35a9e - - -,"[instance: 78dc1847-8848-49cc-933e-9239b12c9dcf] disk limit not specified, defaulting to unlimited",5df477ea
nova-compute.log.1.2017-05-16_13:55:31,2017-05-16,00:01:53.293,2931,INFO,nova.compute.claims,req-caeb3818-dab6-4e8d-9ea6-aceb23905ebc 113d3a99c3da401fbd62cc2caa5b96d2 54fadb412c4e40cdbaed9335e4c35a9e - - -,[instance: 78dc1847-8848-49cc-933e-9239b12c9dcf] Claim successful,4fe0a741
nova-compute.log.1.2017-05-16_13:55:31,2017-05-16,00:02:07.339,2931,INFO,nova.compute.manager,req-3ea4052c-895d-4b64-9e2d-04d64c4d94ab - - - - -,[instance: 78dc1847-8848-49cc-933e-9239b12c9dcf] VM Started (Lifecycle Event),969d3364
nova-compute.log.1.2017-05-16_13:55:31,2017-05-16,00:02:07.518,2931,INFO,nova.compute.manager,req-3ea4052c-895d-4b64-9e2d-04d64c4d94ab - - - - -,[instance: 78dc1847-8848-49cc-933e-9239b12c9dcf] During sync_power_state the instance has a pending task (spawning). Skip.,35dde0d1
nova-compute.log.1.2017-05-16_13:55:31,2017-05-16,00:02:14.362,2931,INFO,nova.virt.libvirt.driver,-,[instance: 78dc1847-8848-49cc-933e-9239b12c9dcf] Instance spawned successfully.,6ce9a7c1
nova-compute.log.1.2017-05-16_13:55:31,2017-05-16,00:02:14.362,2931,INFO,nova.compute.manager,req-caeb3818-dab6-4e8d-9ea6-aceb23905ebc 113d3a99c3da401fbd62cc2caa5b96d2 54fadb412c4e40cdbaed9335e4c35a9e - - -,[instance: 78dc1847-8848-49cc-933e-9239b12c9dcf] Took 20.47 seconds to spawn the instance on the hypervisor.,2605f93b
nova-compute.log.1.2017-05-16_13:55:31,2017-05-16,00:02:14.496,2931,INFO,nova.compute.manager,req-caeb3818-dab6-4e8d-9ea6-aceb23905ebc 113d3a99c3da401fbd62cc2caa5b96d2 54fadb412c4e40cdbaed9335e4c35a9e - - -,[instance: 78dc1847-8848-49cc-933e-9239b12c9dcf] Took 21.25 seconds to build instance.,eda188bf
nova-compute.log.1.2017-05-16_13:55:31,2017-05-16,00:02:22.569,2931,INFO,nova.virt.libvirt.driver,req-06631678-1e19-4e4e-bddf-a588d8ea6217 113d3a99c3da401fbd62cc2caa5b96d2 54fadb412c4e40cdbaed9335e4c35a9e - - -,[instance: 78dc1847-8848-49cc-933e-9239b12c9dcf] Deleting instance files /var/lib/nova/instances/78dc1847-8848-49cc-933e-9239b12c9dcf_del,bbcd9e5a
nova-compute.log.1.2017-05-16_13:55:31,2017-05-16,00:02:22.571,2931,INFO,nova.virt.libvirt.driver,req-06631678-1e19-4e4e-bddf-a588d8ea6217 113d3a99c3da401fbd62cc2caa5b96d2 54fadb412c4e40cdbaed9335e4c35a9e - - -,[instance: 78dc1847-8848-49cc-933e-9239b12c9dcf] Deletion of /var/lib/nova/instances/78dc1847-8848-49cc-933e-9239b12c9dcf_del complete,e08a3401
nova-compute.log.1.2017-05-16_13:55:31,2017-05-16,00:02:23.171,2931,INFO,nova.compute.manager,req-06631678-1e19-4e4e-bddf-a588d8ea6217 113d3a99c3da401fbd62cc2caa5b96d2 54fadb412c4e40cdbaed9335e4c35a9e - - -,[instance: 78dc1847-8848-49cc-933e-9239b12c9dcf] Took 0.48 seconds to deallocate network for instance.,e57c7fa8
nova-compute.log.1.2017-05-16_13:55:31,2017-05-16,00:02:35.071,2931,INFO,nova.compute.claims,req-d38f479d-9bb9-4276-9688-52607e8fd350 113d3a99c3da401fbd62cc2caa5b96d2 54fadb412c4e40cdbaed9335e4c35a9e - - -,"[instance: 95960536-049b-41f6-9049-05fc479b6a7c] Attempting claim: memory 2048 MB, disk 20 GB, vcpus 1 CPU",eadb12e0
nova-compute.log.1.2017-05-16_13:55:31,2017-05-16,00:02:35.072,2931,INFO,nova.compute.claims,req-d38f479d-9bb9-4276-9688-52607e8fd350 113d3a99c3da401fbd62cc2caa5b96d2 54fadb412c4e40cdbaed9335e4c35a9e - - -,"[instance: 95960536-049b-41f6-9049-05fc479b6a7c] Total memory: 64172 MB, used: 512.00 MB",ef553333
nova-compute.log.1.2017-05-16_13:55:31,2017-05-16,00:02:35.074,2931,INFO,nova.compute.claims,req-d38f479d-9bb9-4276-9688-52607e8fd350 113d3a99c3da401fbd62cc2caa5b96d2 54fadb412c4e40cdbaed9335e4c35a9e - - -,"[instance: 95960536-049b-41f6-9049-05fc479b6a7c] Total disk: 15 GB, used: 0.00 GB",ed76bf1b
nova-compute.log.1.2017-05-16_13:55:31,2017-05-16,00:02:35.075,2931,INFO,nova.compute.claims,req-d38f479d-9bb9-4276-9688-52607e8fd350 113d3a99c3da401fbd62cc2caa5b96d2 54fadb412c4e40cdbaed9335e4c35a9e - - -,"[instance: 95960536-049b-41f6-9049-05fc479b6a7c] disk limit not specified, defaulting to unlimited",5c7643a5
nova-compute.log.1.2017-05-16_13:55:31,2017-05-16,00:02:35.109,2931,INFO,nova.compute.claims,req-d38f479d-9bb9-4276-9688-52607e8fd350 113d3a99c3da401fbd62cc2caa5b96d2 54fadb412c4e40cdbaed9335e4c35a9e - - -,[instance: 95960536-049b-41f6-9049-05fc479b6a7c] Claim successful,56aac259
nova-compute.log.1.2017-05-16_13:55:31,2017-05-16,00:02:48.985,2931,INFO,nova.compute.manager,req-3ea4052c-895d-4b64-9e2d-04d64c4d94ab - - - - -,[instance: 95960536-049b-41f6-9049-05fc479b6a7c] VM Started (Lifecycle Event),4a70bfeb
nova-compute.log.1.2017-05-16_13:55:31,2017-05-16,00:02:49.290,2931,INFO,nova.compute.manager,req-3ea4052c-895d-4b64-9e2d-04d64c4d94ab - - - - -,[instance: 95960536-049b-41f6-9049-05fc479b6a7c] During sync_power_state the instance has a pending task (spawning). Skip.,79d153de
nova-compute.log.1.2017-05-16_13:55:31,2017-05-16,00:02:55.646,2931,INFO,nova.virt.libvirt.driver,-,[instance: 95960536-049b-41f6-9049-05fc479b6a7c] Instance spawned successfully.,f3a905f0
nova-compute.log.1.2017-05-16_13:55:31,2017-05-16,00:02:55.647,2931,INFO,nova.compute.manager,req-d38f479d-9bb9-4276-9688-52607e8fd350 113d3a99c3da401fbd62cc2caa5b96d2 54fadb412c4e40cdbaed9335e4c35a9e - - -,[instance: 95960536-049b-41f6-9049-05fc479b6a7c] Took 19.71 seconds to spawn the instance on the hypervisor.,1441b454
nova-compute.log.1.2017-05-16_13:55:31,2017-05-16,00:02:55.778,2931,INFO,nova.compute.manager,req-d38f479d-9bb9-4276-9688-52607e8fd350 113d3a99c3da401fbd62cc2caa5b96d2 54fadb412c4e40cdbaed9335e4c35a9e - - -,[instance: 95960536-049b-41f6-9049-05fc479b6a7c] Took 20.72 seconds to build instance.,55451064
nova-compute.log.1.2017-05-16_13:55:31,2017-05-16,00:03:04.425,2931,INFO,nova.virt.libvirt.driver,req-a6b9779d-b384-4e84-b3d0-bac079760244 113d3a99c3da401fbd62cc2caa5b96d2 54fadb412c4e40cdbaed9335e4c35a9e - - -,[instance: 95960536-049b-41f6-9049-05fc479b6a7c] Deleting instance files /var/lib/nova/instances/95960536-049b-41f6-9049-05fc479b6a7c_del,7cf51959
nova-compute.log.1.2017-05-16_13:55:31,2017-05-16,00:03:04.427,2931,INFO,nova.virt.libvirt.driver,req-a6b9779d-b384-4e84-b3d0-bac079760244 113d3a99c3da401fbd62cc2caa5b96d2 54fadb412c4e40cdbaed9335e4c35a9e - - -,[instance: 95960536-049b-41f6-9049-05fc479b6a7c] Deletion of /var/lib/nova/instances/95960536-049b-41f6-9049-05fc479b6a7c_del complete,ae14661e
nova-compute.log.1.2017-05-16_13:55:31,2017-05-16,00:03:05.004,2931,INFO,nova.compute.manager,req-a6b9779d-b384-4e84-b3d0-bac079760244 113d3a99c3da401fbd62cc2caa5b96d2 54fadb412c4e40cdbaed9335e4c35a9e - - -,[instance: 95960536-049b-41f6-9049-05fc479b6a7c] Took 0.46 seconds to deallocate network for instance.,565b21c4
nova-compute.log.1.2017-05-16_13:55:31,2017-05-16,00:03:17.220,2931,INFO,nova.compute.claims,req-2d658d2c-7eff-414e-a68f-3f1c75c9e874 113d3a99c3da401fbd62cc2caa5b96d2 54fadb412c4e40cdbaed9335e4c35a9e - - -,"[instance: 7e7cc42f-3cb9-4d91-804c-f5a32d54f1c5] Attempting claim: memory 2048 MB, disk 20 GB, vcpus 1 CPU",f8d97fcb
nova-compute.log.1.2017-05-16_13:55:31,2017-05-16,00:03:17.221,2931,INFO,nova.compute.claims,req-2d658d2c-7eff-414e-a68f-3f1c75c9e874 113d3a99c3da401fbd62cc2caa5b96d2 54fadb412c4e40cdbaed9335e4c35a9e - - -,"[instance: 7e7cc42f-3cb9-4d91-804c-f5a32d54f1c5] Total memory: 64172 MB, used: 512.00 MB",8bf9e8e0
nova-compute.log.1.2017-05-16_13:55:31,2017-05-16,00:03:17.223,2931,INFO,nova.compute.claims,req-2d658d2c-7eff-414e-a68f-3f1c75c9e874 113d3a99c3da401fbd62cc2caa5b96d2 54fadb412c4e40cdbaed9335e4c35a9e - - -,"[instance: 7e7cc42f-3cb9-4d91-804c-f5a32d54f1c5] Total disk: 15 GB, used: 0.00 GB",3e7493a4
nova-compute.log.1.2017-05-16_13:55:31,2017-05-16,00:03:17.224,2931,INFO,nova.compute.claims,req-2d658d2c-7eff-414e-a68f-3f1c75c9e874 113d3a99c3da401fbd62cc2caa5b96d2 54fadb412c4e40cdbaed9335e4c35a9e - - -,"[instance: 7e7cc42f-3cb9-4d91-804c-f5a32d54f1c5] disk limit not specified, defaulting to unlimited",312a2157
nova-compute.log.1.2017-05-16_13:55:31,2017-05-16,00:03:17.260,2931,INFO,nova.compute.claims,req-2d658d2c-7eff-414e-a68f-3f1c75c9e874 113d3a99c3da401fbd62cc2caa5b96d2 54fadb412c4e40cdbaed9335e4c35a9e - - -,[instance: 7e7cc42f-3cb9-4d91-804c-f5a32d54f1c5] Claim successful,0764a0e7
nova-compute.log.1.2017-05-16_13:55:31,2017-05-16,00:03:31.011,2931,INFO,nova.compute.manager,req-3ea4052c-895d-4b64-9e2d-04d64c4d94ab - - - - -,[instance: 7e7cc42f-3cb9-4d91-804c-f5a32d54f1c5] VM Started (Lifecycle Event),a8257450
nova-compute.log.1.2017-05-16_13:55:31,2017-05-16,00:03:31.202,2931,INFO,nova.compute.manager,req-3ea4052c-895d-4b64-9e2d-04d64c4d94ab - - - - -,[instance: 7e7cc42f-3cb9-4d91-804c-f5a32d54f1c5] During sync_power_state the instance has a pending task (spawning). Skip.,af3d2ec8
nova-compute.log.1.2017-05-16_13:55:31,2017-05-16,00:03:37.002,2931,INFO,nova.virt.libvirt.driver,-,[instance: 7e7cc42f-3cb9-4d91-804c-f5a32d54f1c5] Instance spawned successfully.,f0b190b5
nova-compute.log.1.2017-05-16_13:55:31,2017-05-16,00:03:37.003,2931,INFO,nova.compute.manager,req-2d658d2c-7eff-414e-a68f-3f1c75c9e874 113d3a99c3da401fbd62cc2caa5b96d2 54fadb412c4e40cdbaed9335e4c35a9e - - -,[instance: 7e7cc42f-3cb9-4d91-804c-f5a32d54f1c5] Took 19.07 seconds to spawn the instance on the hypervisor.,d34a1812
nova-compute.log.1.2017-05-16_13:55:31,2017-05-16,00:03:37.133,2931,INFO,nova.compute.manager,req-2d658d2c-7eff-414e-a68f-3f1c75c9e874 113d3a99c3da401fbd62cc2caa5b96d2 54fadb412c4e40cdbaed9335e4c35a9e - - -,[instance: 7e7cc42f-3cb9-4d91-804c-f5a32d54f1c5] Took 19.92 seconds to build instance.,d81308f4
nova-compute.log.1.2017-05-16_13:55:31,2017-05-16,00:03:44.908,2931,INFO,nova.virt.libvirt.driver,req-c6d4eab2-e008-4384-a149-8ff001ca4cb6 113d3a99c3da401fbd62cc2caa5b96d2 54fadb412c4e40cdbaed9335e4c35a9e - - -,[instance: 7e7cc42f-3cb9-4d91-804c-f5a32d54f1c5] Deleting instance files /var/lib/nova/instances/7e7cc42f-3cb9-4d91-804c-f5a32d54f1c5_del,184964e0
nova-compute.log.1.2017-05-16_13:55:31,2017-05-16,00:03:44.910,2931,INFO,nova.virt.libvirt.driver,req-c6d4eab2-e008-4384-a149-8ff001ca4cb6 113d3a99c3da401fbd62cc2caa5b96d2 54fadb412c4e40cdbaed9335e4c35a9e - - -,[instance: 7e7cc42f-3cb9-4d91-804c-f5a32d54f1c5] Deletion of /var/lib/nova/instances/7e7cc42f-3cb9-4d91-804c-f5a32d54f1c5_del complete,cfbf2f9a
nova-compute.log.1.2017-05-16_13:55:31,2017-05-16,00:03:45.565,2931,INFO,nova.compute.manager,req-c6d4eab2-e008-4384-a149-8ff001ca4cb6 113d3a99c3da401fbd62cc2caa5b96d2 54fadb412c4e40cdbaed9335e4c35a9e - - -,[instance: 7e7cc42f-3cb9-4d91-804c-f5a32d54f1c5] Took 0.54 seconds to deallocate network for instance.,6fad0bd4
nova-compute.log.1.2017-05-16_13:55:31,2017-05-16,00:03:57.509,2931,INFO,nova.compute.claims,req-d6986b54-3735-4a42-9074-0ba7d9717de9 113d3a99c3da401fbd62cc2caa5b96d2 54fadb412c4e40cdbaed9335e4c35a9e - - -,"[instance: af5f7392-f7d4-4298-b647-c98924c64aa1] Attempting claim: memory 2048 MB, disk 20 GB, vcpus 1 CPU",36c8168a
nova-compute.log.1.2017-05-16_13:55:31,2017-05-16,00:03:57.510,2931,INFO,nova.compute.claims,req-d6986b54-3735-4a42-9074-0ba7d9717de9 113d3a99c3da401fbd62cc2caa5b96d2 54fadb412c4e40cdbaed9335e4c35a9e - - -,"[instance: af5f7392-f7d4-4298-b647-c98924c64aa1] Total memory: 64172 MB, used: 512.00 MB",11fb6a5b
nova-compute.log.1.2017-05-16_13:55:31,2017-05-16,00:03:57.512,2931,INFO,nova.compute.claims,req-d6986b54-3735-4a42-9074-0ba7d9717de9 113d3a99c3da401fbd62cc2caa5b96d2 54fadb412c4e40cdbaed9335e4c35a9e - - -,"[instance: af5f7392-f7d4-4298-b647-c98924c64aa1] Total disk: 15 GB, used: 0.00 GB",7b7a4ed6
nova-compute.log.1.2017-05-16_13:55:31,2017-05-16,00:03:57.512,2931,INFO,nova.compute.claims,req-d6986b54-3735-4a42-9074-0ba7d9717de9 113d3a99c3da401fbd62cc2caa5b96d2 54fadb412c4e40cdbaed9335e4c35a9e - - -,"[instance: af5f7392-f7d4-4298-b647-c98924c64aa1] disk limit not specified, defaulting to unlimited",733790f8
nova-compute.log.1.2017-05-16_13:55:31,2017-05-16,00:03:57.551,2931,INFO,nova.compute.claims,req-d6986b54-3735-4a42-9074-0ba7d9717de9 113d3a99c3da401fbd62cc2caa5b96d2 54fadb412c4e40cdbaed9335e4c35a9e - - -,[instance: af5f7392-f7d4-4298-b647-c98924c64aa1] Claim successful,22dde80f
nova-compute.log.1.2017-05-16_13:55:31,2017-05-16,00:04:11.255,2931,INFO,nova.compute.manager,req-3ea4052c-895d-4b64-9e2d-04d64c4d94ab - - - - -,[instance: af5f7392-f7d4-4298-b647-c98924c64aa1] VM Started (Lifecycle Event),d21fe1db
nova-compute.log.1.2017-05-16_13:55:31,2017-05-16,00:04:11.456,2931,INFO,nova.compute.manager,req-3ea4052c-895d-4b64-9e2d-04d64c4d94ab - - - - -,[instance: af5f7392-f7d4-4298-b647-c98924c64aa1] During sync_power_state the instance has a pending task (spawning). Skip.,a2720818
nova-compute.log.1.2017-05-16_13:55:31,2017-05-16,00:04:18.473,2931,INFO,nova.virt.libvirt.driver,-,[instance: af5f7392-f7d4-4298-b647-c98924c64aa1] Instance spawned successfully.,7b12cfa1
nova-compute.log.1.2017-05-16_13:55:31,2017-05-16,00:04:18.473,2931,INFO,nova.compute.manager,req-d6986b54-3735-4a42-9074-0ba7d9717de9 113d3a99c3da401fbd62cc2caa5b96d2 54fadb412c4e40cdbaed9335e4c35a9e - - -,[instance: af5f7392-f7d4-4298-b647-c98924c64aa1] Took 20.35 seconds to spawn the instance on the hypervisor.,6e92053b
nova-compute.log.1.2017-05-16_13:55:31,2017-05-16,00:04:18.614,2931,INFO,nova.compute.manager,req-d6986b54-3735-4a42-9074-0ba7d9717de9 113d3a99c3da401fbd62cc2caa5b96d2 54fadb412c4e40cdbaed9335e4c35a9e - - -,[instance: af5f7392-f7d4-4298-b647-c98924c64aa1] Took 21.11 seconds to build instance.,9b70c7ef
nova-compute.log.1.2017-05-16_13:55:31,2017-05-16,00:04:26.853,2931,INFO,nova.virt.libvirt.driver,req-7c98765b-5005-4eb1-b863-0e66d8c312c4 113d3a99c3da401fbd62cc2caa5b96d2 54fadb412c4e40cdbaed9335e4c35a9e - - -,[instance: af5f7392-f7d4-4298-b647-c98924c64aa1] Deleting instance files /var/lib/nova/instances/af5f7392-f7d4-4298-b647-c98924c64aa1_del,1ec3df98
nova-compute.log.1.2017-05-16_13:55:31,2017-05-16,00:04:26.855,2931,INFO,nova.virt.libvirt.driver,req-7c98765b-5005-4eb1-b863-0e66d8c312c4 113d3a99c3da401fbd62cc2caa5b96d2 54fadb412c4e40cdbaed9335e4c35a9e - - -,[instance: af5f7392-f7d4-4298-b647-c98924c64aa1] Deletion of /var/lib/nova/instances/af5f7392-f7d4-4298-b647-c98924c64aa1_del complete,ee751829
nova-compute.log.1.2017-05-16_13:55:31,2017-05-16,00:04:27.457,2931,INFO,nova.compute.manager,req-7c98765b-5005-4eb1-b863-0e66d8c312c4 113d3a99c3da401fbd62cc2caa5b96d2 54fadb412c4e40cdbaed9335e4c35a9e - - -,[instance: af5f7392-f7d4-4298-b647-c98924c64aa1] Took 0.48 seconds to deallocate network for instance.,c585bb16
nova-compute.log.1.2017-05-16_13:55:31,2017-05-16,00:04:39.301,2931,INFO,nova.compute.claims,req-d82fab16-60f8-4c9f-bde8-f362f57bdd40 113d3a99c3da401fbd62cc2caa5b96d2 54fadb412c4e40cdbaed9335e4c35a9e - - -,"[instance: ae3a1b5d-eec1-45bb-b76a-c59d83b1471f] Attempting claim: memory 2048 MB, disk 20 GB, vcpus 1 CPU",619872ee
nova-compute.log.1.2017-05-16_13:55:31,2017-05-16,00:04:39.301,2931,INFO,nova.compute.claims,req-d82fab16-60f8-4c9f-bde8-f362f57bdd40 113d3a99c3da401fbd62cc2caa5b96d2 54fadb412c4e40cdbaed9335e4c35a9e - - -,"[instance: ae3a1b5d-eec1-45bb-b76a-c59d83b1471f] Total memory: 64172 MB, used: 512.00 MB",398732e9
nova-compute.log.1.2017-05-16_13:55:31,2017-05-16,00:04:39.302,2931,INFO,nova.compute.claims,req-d82fab16-60f8-4c9f-bde8-f362f57bdd40 113d3a99c3da401fbd62cc2caa5b96d2 54fadb412c4e40cdbaed9335e4c35a9e - - -,"[instance: ae3a1b5d-eec1-45bb-b76a-c59d83b1471f] Total disk: 15 GB, used: 0.00 GB",f2645eab
nova-compute.log.1.2017-05-16_13:55:31,2017-05-16,00:04:39.303,2931,INFO,nova.compute.claims,req-d82fab16-60f8-4c9f-bde8-f362f57bdd40 113d3a99c3da401fbd62cc2caa5b96d2 54fadb412c4e40cdbaed9335e4c35a9e - - -,"[instance: ae3a1b5d-eec1-45bb-b76a-c59d83b1471f] disk limit not specified, defaulting to unlimited",8c5e76ba
nova-compute.log.1.2017-05-16_13:55:31,2017-05-16,00:04:39.339,2931,INFO,nova.compute.claims,req-d82fab16-60f8-4c9f-bde8-f362f57bdd40 113d3a99c3da401fbd62cc2caa5b96d2 54fadb412c4e40cdbaed9335e4c35a9e - - -,[instance: ae3a1b5d-eec1-45bb-b76a-c59d83b1471f] Claim successful,f11cab63
nova-compute.log.1.2017-05-16_13:55:31,2017-05-16,00:04:52.697,2931,INFO,nova.compute.manager,req-3ea4052c-895d-4b64-9e2d-04d64c4d94ab - - - - -,[instance: ae3a1b5d-eec1-45bb-b76a-c59d83b1471f] VM Started (Lifecycle Event),36ef4b8d
nova-compute.log.1.2017-05-16_13:55:31,2017-05-16,00:04:52.893,2931,INFO,nova.compute.manager,req-3ea4052c-895d-4b64-9e2d-04d64c4d94ab - - - - -,[instance: ae3a1b5d-eec1-45bb-b76a-c59d83b1471f] During sync_power_state the instance has a pending task (spawning). Skip.,7e1123f4
nova-scheduler.log.1.2017-05-16_13:53:08,2017-05-16,00:04:59.397,25998,INFO,nova.scheduler.host_manager,req-8ac8250d-9ea8-45a4-b1d5-c19ea4219fed - - - - -,The instance sync for host 'cp-1.slowvm1.tcloud-pg0.utah.cloudlab.us' did not match. Re-created its InstanceList.,41c623ba
nova-compute.log.1.2017-05-16_13:55:31,2017-05-16,00:05:00.012,2931,INFO,nova.virt.libvirt.driver,-,[instance: ae3a1b5d-eec1-45bb-b76a-c59d83b1471f] Instance spawned successfully.,421a018c
nova-compute.log.1.2017-05-16_13:55:31,2017-05-16,00:05:00.012,2931,INFO,nova.compute.manager,req-d82fab16-60f8-4c9f-bde8-f362f57bdd40 113d3a99c3da401fbd62cc2caa5b96d2 54fadb412c4e40cdbaed9335e4c35a9e - - -,[instance: ae3a1b5d-eec1-45bb-b76a-c59d83b1471f] Took 20.09 seconds to spawn the instance on the hypervisor.,e17abb44
nova-compute.log.1.2017-05-16_13:55:31,2017-05-16,00:05:00.183,2931,INFO,nova.compute.manager,req-d82fab16-60f8-4c9f-bde8-f362f57bdd40 113d3a99c3da401fbd62cc2caa5b96d2 54fadb412c4e40cdbaed9335e4c35a9e - - -,[instance: ae3a1b5d-eec1-45bb-b76a-c59d83b1471f] Took 20.89 seconds to build instance.,a5e85223
nova-compute.log.1.2017-05-16_13:55:31,2017-05-16,00:05:08.735,2931,INFO,nova.virt.libvirt.driver,req-d20b3fad-09d8-47c2-81f2-8b392fdbfbd5 113d3a99c3da401fbd62cc2caa5b96d2 54fadb412c4e40cdbaed9335e4c35a9e - - -,[instance: ae3a1b5d-eec1-45bb-b76a-c59d83b1471f] Deleting instance files /var/lib/nova/instances/ae3a1b5d-eec1-45bb-b76a-c59d83b1471f_del,21901094
nova-compute.log.1.2017-05-16_13:55:31,2017-05-16,00:05:08.737,2931,INFO,nova.virt.libvirt.driver,req-d20b3fad-09d8-47c2-81f2-8b392fdbfbd5 113d3a99c3da401fbd62cc2caa5b96d2 54fadb412c4e40cdbaed9335e4c35a9e - - -,[instance: ae3a1b5d-eec1-45bb-b76a-c59d83b1471f] Deletion of /var/lib/nova/instances/ae3a1b5d-eec1-45bb-b76a-c59d83b1471f_del complete,4be45bb0
nova-compute.log.1.2017-05-16_13:55:31,2017-05-16,00:05:09.309,2931,INFO,nova.compute.manager,req-d20b3fad-09d8-47c2-81f2-8b392fdbfbd5 113d3a99c3da401fbd62cc2caa5b96d2 54fadb412c4e40cdbaed9335e4c35a9e - - -,[instance: ae3a1b5d-eec1-45bb-b76a-c59d83b1471f] Took 0.45 seconds to deallocate network for instance.,3a4bd817
nova-compute.log.1.2017-05-16_13:55:31,2017-05-16,00:05:21.240,2931,INFO,nova.compute.claims,req-29a09cdb-3169-4c40-8bd1-552636286362 113d3a99c3da401fbd62cc2caa5b96d2 54fadb412c4e40cdbaed9335e4c35a9e - - -,"[instance: 43204226-2f87-4da7-b7ee-4d20cc66e846] Attempting claim: memory 2048 MB, disk 20 GB, vcpus 1 CPU",f05bde5c
nova-compute.log.1.2017-05-16_13:55:31,2017-05-16,00:05:21.241,2931,INFO,nova.compute.claims,req-29a09cdb-3169-4c40-8bd1-552636286362 113d3a99c3da401fbd62cc2caa5b96d2 54fadb412c4e40cdbaed9335e4c35a9e - - -,"[instance: 43204226-2f87-4da7-b7ee-4d20cc66e846] Total memory: 64172 MB, used: 512.00 MB",d2d5dc89
nova-compute.log.1.2017-05-16_13:55:31,2017-05-16,00:05:21.242,2931,INFO,nova.compute.claims,req-29a09cdb-3169-4c40-8bd1-552636286362 113d3a99c3da401fbd62cc2caa5b96d2 54fadb412c4e40cdbaed9335e4c35a9e - - -,"[instance: 43204226-2f87-4da7-b7ee-4d20cc66e846] Total disk: 15 GB, used: 0.00 GB",226ee9a4
nova-compute.log.1.2017-05-16_13:55:31,2017-05-16,00:05:21.242,2931,INFO,nova.compute.claims,req-29a09cdb-3169-4c40-8bd1-552636286362 113d3a99c3da401fbd62cc2caa5b96d2 54fadb412c4e40cdbaed9335e4c35a9e - - -,"[instance: 43204226-2f87-4da7-b7ee-4d20cc66e846] disk limit not specified, defaulting to unlimited",07ca3863
nova-compute.log.1.2017-05-16_13:55:31,2017-05-16,00:05:21.281,2931,INFO,nova.compute.claims,req-29a09cdb-3169-4c40-8bd1-552636286362 113d3a99c3da401fbd62cc2caa5b96d2 54fadb412c4e40cdbaed9335e4c35a9e - - -,[instance: 43204226-2f87-4da7-b7ee-4d20cc66e846] Claim successful,ce30162b
nova-compute.log.1.2017-05-16_13:55:31,2017-05-16,00:05:34.911,2931,INFO,nova.compute.manager,req-3ea4052c-895d-4b64-9e2d-04d64c4d94ab - - - - -,[instance: 43204226-2f87-4da7-b7ee-4d20cc66e846] VM Started (Lifecycle Event),42d95fbd
nova-compute.log.1.2017-05-16_13:55:31,2017-05-16,00:05:35.105,2931,INFO,nova.compute.manager,req-3ea4052c-895d-4b64-9e2d-04d64c4d94ab - - - - -,[instance: 43204226-2f87-4da7-b7ee-4d20cc66e846] During sync_power_state the instance has a pending task (spawning). Skip.,5662b44f
nova-compute.log.1.2017-05-16_13:55:31,2017-05-16,00:05:41.236,2931,INFO,nova.virt.libvirt.driver,-,[instance: 43204226-2f87-4da7-b7ee-4d20cc66e846] Instance spawned successfully.,01a37b01
nova-compute.log.1.2017-05-16_13:55:31,2017-05-16,00:05:41.236,2931,INFO,nova.compute.manager,req-29a09cdb-3169-4c40-8bd1-552636286362 113d3a99c3da401fbd62cc2caa5b96d2 54fadb412c4e40cdbaed9335e4c35a9e - - -,[instance: 43204226-2f87-4da7-b7ee-4d20cc66e846] Took 19.37 seconds to spawn the instance on the hypervisor.,9bb168c4
nova-compute.log.1.2017-05-16_13:55:31,2017-05-16,00:05:41.371,2931,INFO,nova.compute.manager,req-29a09cdb-3169-4c40-8bd1-552636286362 113d3a99c3da401fbd62cc2caa5b96d2 54fadb412c4e40cdbaed9335e4c35a9e - - -,[instance: 43204226-2f87-4da7-b7ee-4d20cc66e846] Took 20.14 seconds to build instance.,0bbdf7a7
nova-compute.log.1.2017-05-16_13:55:31,2017-05-16,00:05:49.129,2931,INFO,nova.virt.libvirt.driver,req-31453286-67b1-4c86-89bc-445a668da2d9 113d3a99c3da401fbd62cc2caa5b96d2 54fadb412c4e40cdbaed9335e4c35a9e - - -,[instance: 43204226-2f87-4da7-b7ee-4d20cc66e846] Deleting instance files /var/lib/nova/instances/43204226-2f87-4da7-b7ee-4d20cc66e846_del,b64db88b
nova-compute.log.1.2017-05-16_13:55:31,2017-05-16,00:05:49.131,2931,INFO,nova.virt.libvirt.driver,req-31453286-67b1-4c86-89bc-445a668da2d9 113d3a99c3da401fbd62cc2caa5b96d2 54fadb412c4e40cdbaed9335e4c35a9e - - -,[instance: 43204226-2f87-4da7-b7ee-4d20cc66e846] Deletion of /var/lib/nova/instances/43204226-2f87-4da7-b7ee-4d20cc66e846_del complete,efc42737
nova-compute.log.1.2017-05-16_13:55:31,2017-05-16,00:05:49.714,2931,INFO,nova.compute.manager,req-31453286-67b1-4c86-89bc-445a668da2d9 113d3a99c3da401fbd62cc2caa5b96d2 54fadb412c4e40cdbaed9335e4c35a9e - - -,[instance: 43204226-2f87-4da7-b7ee-4d20cc66e846] Took 0.46 seconds to deallocate network for instance.,24c75b0a
nova-compute.log.1.2017-05-16_13:55:31,2017-05-16,00:06:01.609,2931,INFO,nova.compute.claims,req-1162e278-3bf2-4b32-93b5-9c7ec218365e 113d3a99c3da401fbd62cc2caa5b96d2 54fadb412c4e40cdbaed9335e4c35a9e - - -,"[instance: fecdd5a9-3ca0-4c82-9336-63b7774f738e] Attempting claim: memory 2048 MB, disk 20 GB, vcpus 1 CPU",7201e1ad
nova-compute.log.1.2017-05-16_13:55:31,2017-05-16,00:06:01.609,2931,INFO,nova.compute.claims,req-1162e278-3bf2-4b32-93b5-9c7ec218365e 113d3a99c3da401fbd62cc2caa5b96d2 54fadb412c4e40cdbaed9335e4c35a9e - - -,"[instance: fecdd5a9-3ca0-4c82-9336-63b7774f738e] Total memory: 64172 MB, used: 512.00 MB",c72f54c7
nova-compute.log.1.2017-05-16_13:55:31,2017-05-16,00:06:01.610,2931,INFO,nova.compute.claims,req-1162e278-3bf2-4b32-93b5-9c7ec218365e 113d3a99c3da401fbd62cc2caa5b96d2 54fadb412c4e40cdbaed9335e4c35a9e - - -,"[instance: fecdd5a9-3ca0-4c82-9336-63b7774f738e] Total disk: 15 GB, used: 0.00 GB",25b9a526
nova-compute.log.1.2017-05-16_13:55:31,2017-05-16,00:06:01.611,2931,INFO,nova.compute.claims,req-1162e278-3bf2-4b32-93b5-9c7ec218365e 113d3a99c3da401fbd62cc2caa5b96d2 54fadb412c4e40cdbaed9335e4c35a9e - - -,"[instance: fecdd5a9-3ca0-4c82-9336-63b7774f738e] disk limit not specified, defaulting to unlimited",b7c3b5e3
nova-compute.log.1.2017-05-16_13:55:31,2017-05-16,00:06:01.647,2931,INFO,nova.compute.claims,req-1162e278-3bf2-4b32-93b5-9c7ec218365e 113d3a99c3da401fbd62cc2caa5b96d2 54fadb412c4e40cdbaed9335e4c35a9e - - -,[instance: fecdd5a9-3ca0-4c82-9336-63b7774f738e] Claim successful,bbdb4846
nova-compute.log.1.2017-05-16_13:55:31,2017-05-16,00:06:15.870,2931,INFO,nova.compute.manager,req-3ea4052c-895d-4b64-9e2d-04d64c4d94ab - - - - -,[instance: fecdd5a9-3ca0-4c82-9336-63b7774f738e] VM Started (Lifecycle Event),bc181d7d
nova-compute.log.1.2017-05-16_13:55:31,2017-05-16,00:06:16.048,2931,INFO,nova.compute.manager,req-3ea4052c-895d-4b64-9e2d-04d64c4d94ab - - - - -,[instance: fecdd5a9-3ca0-4c82-9336-63b7774f738e] During sync_power_state the instance has a pending task (spawning). Skip.,6dfd4d59
nova-compute.log.1.2017-05-16_13:55:31,2017-05-16,00:06:22.565,2931,INFO,nova.virt.libvirt.driver,-,[instance: fecdd5a9-3ca0-4c82-9336-63b7774f738e] Instance spawned successfully.,42c1cc30
nova-compute.log.1.2017-05-16_13:55:31,2017-05-16,00:06:22.566,2931,INFO,nova.compute.manager,req-1162e278-3bf2-4b32-93b5-9c7ec218365e 113d3a99c3da401fbd62cc2caa5b96d2 54fadb412c4e40cdbaed9335e4c35a9e - - -,[instance: fecdd5a9-3ca0-4c82-9336-63b7774f738e] Took 20.32 seconds to spawn the instance on the hypervisor.,1f08014a
nova-compute.log.1.2017-05-16_13:55:31,2017-05-16,00:06:22.709,2931,INFO,nova.compute.manager,req-1162e278-3bf2-4b32-93b5-9c7ec218365e 113d3a99c3da401fbd62cc2caa5b96d2 54fadb412c4e40cdbaed9335e4c35a9e - - -,[instance: fecdd5a9-3ca0-4c82-9336-63b7774f738e] Took 21.11 seconds to build instance.,b200501d
nova-compute.log.1.2017-05-16_13:55:31,2017-05-16,00:06:30.863,2931,INFO,nova.virt.libvirt.driver,req-79fc63ab-432b-40e7-b612-fe4bb62bb25f 113d3a99c3da401fbd62cc2caa5b96d2 54fadb412c4e40cdbaed9335e4c35a9e - - -,[instance: fecdd5a9-3ca0-4c82-9336-63b7774f738e] Deleting instance files /var/lib/nova/instances/fecdd5a9-3ca0-4c82-9336-63b7774f738e_del,5692fbe8
nova-compute.log.1.2017-05-16_13:55:31,2017-05-16,00:06:30.865,2931,INFO,nova.virt.libvirt.driver,req-79fc63ab-432b-40e7-b612-fe4bb62bb25f 113d3a99c3da401fbd62cc2caa5b96d2 54fadb412c4e40cdbaed9335e4c35a9e - - -,[instance: fecdd5a9-3ca0-4c82-9336-63b7774f738e] Deletion of /var/lib/nova/instances/fecdd5a9-3ca0-4c82-9336-63b7774f738e_del complete,dd696d1b
nova-compute.log.1.2017-05-16_13:55:31,2017-05-16,00:06:31.538,2931,INFO,nova.compute.manager,req-79fc63ab-432b-40e7-b612-fe4bb62bb25f 113d3a99c3da401fbd62cc2caa5b96d2 54fadb412c4e40cdbaed9335e4c35a9e - - -,[instance: fecdd5a9-3ca0-4c82-9336-63b7774f738e] Took 0.54 seconds to deallocate network for instance.,a8b3fe2d
nova-compute.log.1.2017-05-16_13:55:31,2017-05-16,00:06:43.297,2931,INFO,nova.compute.claims,req-72b4858f-049e-49e1-b31e-b562c5018eaf 113d3a99c3da401fbd62cc2caa5b96d2 54fadb412c4e40cdbaed9335e4c35a9e - - -,"[instance: 63a0d960-70b6-44c6-b606-491478a5cadf] Attempting claim: memory 2048 MB, disk 20 GB, vcpus 1 CPU",4675db06
nova-compute.log.1.2017-05-16_13:55:31,2017-05-16,00:06:43.298,2931,INFO,nova.compute.claims,req-72b4858f-049e-49e1-b31e-b562c5018eaf 113d3a99c3da401fbd62cc2caa5b96d2 54fadb412c4e40cdbaed9335e4c35a9e - - -,"[instance: 63a0d960-70b6-44c6-b606-491478a5cadf] Total memory: 64172 MB, used: 512.00 MB",1f2f504f
nova-compute.log.1.2017-05-16_13:55:31,2017-05-16,00:06:43.298,2931,INFO,nova.compute.claims,req-72b4858f-049e-49e1-b31e-b562c5018eaf 113d3a99c3da401fbd62cc2caa5b96d2 54fadb412c4e40cdbaed9335e4c35a9e - - -,"[instance: 63a0d960-70b6-44c6-b606-491478a5cadf] Total disk: 15 GB, used: 0.00 GB",b0cd53db
nova-compute.log.1.2017-05-16_13:55:31,2017-05-16,00:06:43.299,2931,INFO,nova.compute.claims,req-72b4858f-049e-49e1-b31e-b562c5018eaf 113d3a99c3da401fbd62cc2caa5b96d2 54fadb412c4e40cdbaed9335e4c35a9e - - -,"[instance: 63a0d960-70b6-44c6-b606-491478a5cadf] disk limit not specified, defaulting to unlimited",0c664b55
nova-compute.log.1.2017-05-16_13:55:31,2017-05-16,00:06:43.333,2931,INFO,nova.compute.claims,req-72b4858f-049e-49e1-b31e-b562c5018eaf 113d3a99c3da401fbd62cc2caa5b96d2 54fadb412c4e40cdbaed9335e4c35a9e - - -,[instance: 63a0d960-70b6-44c6-b606-491478a5cadf] Claim successful,52fcab40
nova-compute.log.1.2017-05-16_13:55:31,2017-05-16,00:06:56.714,2931,INFO,nova.compute.manager,req-3ea4052c-895d-4b64-9e2d-04d64c4d94ab - - - - -,[instance: 63a0d960-70b6-44c6-b606-491478a5cadf] VM Started (Lifecycle Event),8580d622
nova-compute.log.1.2017-05-16_13:55:31,2017-05-16,00:06:56.905,2931,INFO,nova.compute.manager,req-3ea4052c-895d-4b64-9e2d-04d64c4d94ab - - - - -,[instance: 63a0d960-70b6-44c6-b606-491478a5cadf] During sync_power_state the instance has a pending task (spawning). Skip.,08c04d36
nova-compute.log.1.2017-05-16_13:55:31,2017-05-16,00:07:03.945,2931,INFO,nova.virt.libvirt.driver,-,[instance: 63a0d960-70b6-44c6-b606-491478a5cadf] Instance spawned successfully.,83a48ea5
nova-compute.log.1.2017-05-16_13:55:31,2017-05-16,00:07:03.945,2931,INFO,nova.compute.manager,req-72b4858f-049e-49e1-b31e-b562c5018eaf 113d3a99c3da401fbd62cc2caa5b96d2 54fadb412c4e40cdbaed9335e4c35a9e - - -,[instance: 63a0d960-70b6-44c6-b606-491478a5cadf] Took 20.03 seconds to spawn the instance on the hypervisor.,229902ae
nova-compute.log.1.2017-05-16_13:55:31,2017-05-16,00:07:04.084,2931,INFO,nova.compute.manager,req-72b4858f-049e-49e1-b31e-b562c5018eaf 113d3a99c3da401fbd62cc2caa5b96d2 54fadb412c4e40cdbaed9335e4c35a9e - - -,[instance: 63a0d960-70b6-44c6-b606-491478a5cadf] Took 20.80 seconds to build instance.,f4e4f912
nova-compute.log.1.2017-05-16_13:55:31,2017-05-16,00:07:12.634,2931,INFO,nova.virt.libvirt.driver,req-74b000e1-54e1-4761-ba25-545a517f42f9 113d3a99c3da401fbd62cc2caa5b96d2 54fadb412c4e40cdbaed9335e4c35a9e - - -,[instance: 63a0d960-70b6-44c6-b606-491478a5cadf] Deleting instance files /var/lib/nova/instances/63a0d960-70b6-44c6-b606-491478a5cadf_del,a5838d31
nova-compute.log.1.2017-05-16_13:55:31,2017-05-16,00:07:12.637,2931,INFO,nova.virt.libvirt.driver,req-74b000e1-54e1-4761-ba25-545a517f42f9 113d3a99c3da401fbd62cc2caa5b96d2 54fadb412c4e40cdbaed9335e4c35a9e - - -,[instance: 63a0d960-70b6-44c6-b606-491478a5cadf] Deletion of /var/lib/nova/instances/63a0d960-70b6-44c6-b606-491478a5cadf_del complete,94e89347
nova-compute.log.1.2017-05-16_13:55:31,2017-05-16,00:07:13.214,2931,INFO,nova.compute.manager,req-74b000e1-54e1-4761-ba25-545a517f42f9 113d3a99c3da401fbd62cc2caa5b96d2 54fadb412c4e40cdbaed9335e4c35a9e - - -,[instance: 63a0d960-70b6-44c6-b606-491478a5cadf] Took 0.46 seconds to deallocate network for instance.,c5eae306
nova-compute.log.1.2017-05-16_13:55:31,2017-05-16,00:07:25.202,2931,INFO,nova.compute.claims,req-01d570b0-78a7-4719-b7a3-429fd7dc5a3f 113d3a99c3da401fbd62cc2caa5b96d2 54fadb412c4e40cdbaed9335e4c35a9e - - -,"[instance: d54b44eb-2d1a-4aa2-ba6b-074d35f8f12c] Attempting claim: memory 2048 MB, disk 20 GB, vcpus 1 CPU",16fecdd0
nova-compute.log.1.2017-05-16_13:55:31,2017-05-16,00:07:25.203,2931,INFO,nova.compute.claims,req-01d570b0-78a7-4719-b7a3-429fd7dc5a3f 113d3a99c3da401fbd62cc2caa5b96d2 54fadb412c4e40cdbaed9335e4c35a9e - - -,"[instance: d54b44eb-2d1a-4aa2-ba6b-074d35f8f12c] Total memory: 64172 MB, used: 512.00 MB",e5772cc6
nova-compute.log.1.2017-05-16_13:55:31,2017-05-16,00:07:25.205,2931,INFO,nova.compute.claims,req-01d570b0-78a7-4719-b7a3-429fd7dc5a3f 113d3a99c3da401fbd62cc2caa5b96d2 54fadb412c4e40cdbaed9335e4c35a9e - - -,"[instance: d54b44eb-2d1a-4aa2-ba6b-074d35f8f12c] Total disk: 15 GB, used: 0.00 GB",e5c22a3d
nova-compute.log.1.2017-05-16_13:55:31,2017-05-16,00:07:25.206,2931,INFO,nova.compute.claims,req-01d570b0-78a7-4719-b7a3-429fd7dc5a3f 113d3a99c3da401fbd62cc2caa5b96d2 54fadb412c4e40cdbaed9335e4c35a9e - - -,"[instance: d54b44eb-2d1a-4aa2-ba6b-074d35f8f12c] disk limit not specified, defaulting to unlimited",1d6fb1c7
nova-compute.log.1.2017-05-16_13:55:31,2017-05-16,00:07:25.239,2931,INFO,nova.compute.claims,req-01d570b0-78a7-4719-b7a3-429fd7dc5a3f 113d3a99c3da401fbd62cc2caa5b96d2 54fadb412c4e40cdbaed9335e4c35a9e - - -,[instance: d54b44eb-2d1a-4aa2-ba6b-074d35f8f12c] Claim successful,6e2633da
nova-compute.log.1.2017-05-16_13:55:31,2017-05-16,00:07:39.377,2931,INFO,nova.compute.manager,req-3ea4052c-895d-4b64-9e2d-04d64c4d94ab - - - - -,[instance: d54b44eb-2d1a-4aa2-ba6b-074d35f8f12c] VM Started (Lifecycle Event),08afac01
nova-compute.log.1.2017-05-16_13:55:31,2017-05-16,00:07:39.561,2931,INFO,nova.compute.manager,req-3ea4052c-895d-4b64-9e2d-04d64c4d94ab - - - - -,[instance: d54b44eb-2d1a-4aa2-ba6b-074d35f8f12c] During sync_power_state the instance has a pending task (spawning). Skip.,db157dc6
nova-compute.log.1.2017-05-16_13:55:31,2017-05-16,00:07:45.253,2931,INFO,nova.virt.libvirt.driver,-,[instance: d54b44eb-2d1a-4aa2-ba6b-074d35f8f12c] Instance spawned successfully.,ac28547f
nova-compute.log.1.2017-05-16_13:55:31,2017-05-16,00:07:45.253,2931,INFO,nova.compute.manager,req-01d570b0-78a7-4719-b7a3-429fd7dc5a3f 113d3a99c3da401fbd62cc2caa5b96d2 54fadb412c4e40cdbaed9335e4c35a9e - - -,[instance: d54b44eb-2d1a-4aa2-ba6b-074d35f8f12c] Took 19.32 seconds to spawn the instance on the hypervisor.,d2d8f9f3
nova-compute.log.1.2017-05-16_13:55:31,2017-05-16,00:07:45.423,2931,INFO,nova.compute.manager,req-01d570b0-78a7-4719-b7a3-429fd7dc5a3f 113d3a99c3da401fbd62cc2caa5b96d2 54fadb412c4e40cdbaed9335e4c35a9e - - -,[instance: d54b44eb-2d1a-4aa2-ba6b-074d35f8f12c] Took 20.23 seconds to build instance.,44741857
nova-compute.log.1.2017-05-16_13:55:31,2017-05-16,00:07:54.463,2931,INFO,nova.virt.libvirt.driver,req-ae7c1466-8f74-4112-bb31-d2e2652275de 113d3a99c3da401fbd62cc2caa5b96d2 54fadb412c4e40cdbaed9335e4c35a9e - - -,[instance: d54b44eb-2d1a-4aa2-ba6b-074d35f8f12c] Deleting instance files /var/lib/nova/instances/d54b44eb-2d1a-4aa2-ba6b-074d35f8f12c_del,ebddd24e
nova-compute.log.1.2017-05-16_13:55:31,2017-05-16,00:07:54.466,2931,INFO,nova.virt.libvirt.driver,req-ae7c1466-8f74-4112-bb31-d2e2652275de 113d3a99c3da401fbd62cc2caa5b96d2 54fadb412c4e40cdbaed9335e4c35a9e - - -,[instance: d54b44eb-2d1a-4aa2-ba6b-074d35f8f12c] Deletion of /var/lib/nova/instances/d54b44eb-2d1a-4aa2-ba6b-074d35f8f12c_del complete,afec7f91
nova-compute.log.1.2017-05-16_13:55:31,2017-05-16,00:07:55.052,2931,INFO,nova.compute.manager,req-ae7c1466-8f74-4112-bb31-d2e2652275de 113d3a99c3da401fbd62cc2caa5b96d2 54fadb412c4e40cdbaed9335e4c35a9e - - -,[instance: d54b44eb-2d1a-4aa2-ba6b-074d35f8f12c] Took 0.47 seconds to deallocate network for instance.,bd2c7cf1
nova-compute.log.1.2017-05-16_13:55:31,2017-05-16,00:08:06.960,2931,INFO,nova.compute.claims,req-868a5460-dbb6-416b-b4c4-a98abae6c847 113d3a99c3da401fbd62cc2caa5b96d2 54fadb412c4e40cdbaed9335e4c35a9e - - -,"[instance: 17288ea8-cbf4-4f0e-94fe-853fd2735f29] Attempting claim: memory 2048 MB, disk 20 GB, vcpus 1 CPU",0006e727
nova-compute.log.1.2017-05-16_13:55:31,2017-05-16,00:08:06.960,2931,INFO,nova.compute.claims,req-868a5460-dbb6-416b-b4c4-a98abae6c847 113d3a99c3da401fbd62cc2caa5b96d2 54fadb412c4e40cdbaed9335e4c35a9e - - -,"[instance: 17288ea8-cbf4-4f0e-94fe-853fd2735f29] Total memory: 64172 MB, used: 512.00 MB",c41c4317
nova-compute.log.1.2017-05-16_13:55:31,2017-05-16,00:08:06.961,2931,INFO,nova.compute.claims,req-868a5460-dbb6-416b-b4c4-a98abae6c847 113d3a99c3da401fbd62cc2caa5b96d2 54fadb412c4e40cdbaed9335e4c35a9e - - -,"[instance: 17288ea8-cbf4-4f0e-94fe-853fd2735f29] Total disk: 15 GB, used: 0.00 GB",d443b95d
nova-compute.log.1.2017-05-16_13:55:31,2017-05-16,00:08:06.962,2931,INFO,nova.compute.claims,req-868a5460-dbb6-416b-b4c4-a98abae6c847 113d3a99c3da401fbd62cc2caa5b96d2 54fadb412c4e40cdbaed9335e4c35a9e - - -,"[instance: 17288ea8-cbf4-4f0e-94fe-853fd2735f29] disk limit not specified, defaulting to unlimited",3048ae86
nova-compute.log.1.2017-05-16_13:55:31,2017-05-16,00:08:06.999,2931,INFO,nova.compute.claims,req-868a5460-dbb6-416b-b4c4-a98abae6c847 113d3a99c3da401fbd62cc2caa5b96d2 54fadb412c4e40cdbaed9335e4c35a9e - - -,[instance: 17288ea8-cbf4-4f0e-94fe-853fd2735f29] Claim successful,abefa637
nova-compute.log.1.2017-05-16_13:55:31,2017-05-16,00:08:20.238,2931,INFO,nova.compute.manager,req-3ea4052c-895d-4b64-9e2d-04d64c4d94ab - - - - -,[instance: 17288ea8-cbf4-4f0e-94fe-853fd2735f29] VM Started (Lifecycle Event),4b299fb4
nova-compute.log.1.2017-05-16_13:55:31,2017-05-16,00:08:20.455,2931,INFO,nova.compute.manager,req-3ea4052c-895d-4b64-9e2d-04d64c4d94ab - - - - -,[instance: 17288ea8-cbf4-4f0e-94fe-853fd2735f29] During sync_power_state the instance has a pending task (spawning). Skip.,2dcd4dee
nova-compute.log.1.2017-05-16_13:55:31,2017-05-16,00:08:26.601,2931,INFO,nova.virt.libvirt.driver,-,[instance: 17288ea8-cbf4-4f0e-94fe-853fd2735f29] Instance spawned successfully.,d1f3b2b9
nova-compute.log.1.2017-05-16_13:55:31,2017-05-16,00:08:26.601,2931,INFO,nova.compute.manager,req-868a5460-dbb6-416b-b4c4-a98abae6c847 113d3a99c3da401fbd62cc2caa5b96d2 54fadb412c4e40cdbaed9335e4c35a9e - - -,[instance: 17288ea8-cbf4-4f0e-94fe-853fd2735f29] Took 18.98 seconds to spawn the instance on the hypervisor.,c493e2bf
nova-compute.log.1.2017-05-16_13:55:31,2017-05-16,00:08:26.735,2931,INFO,nova.compute.manager,req-868a5460-dbb6-416b-b4c4-a98abae6c847 113d3a99c3da401fbd62cc2caa5b96d2 54fadb412c4e40cdbaed9335e4c35a9e - - -,[instance: 17288ea8-cbf4-4f0e-94fe-853fd2735f29] Took 19.79 seconds to build instance.,b80d8e3e
nova-compute.log.1.2017-05-16_13:55:31,2017-05-16,00:08:34.741,2931,INFO,nova.virt.libvirt.driver,req-c00498e9-c4a0-4e46-b680-c8e4927369f7 113d3a99c3da401fbd62cc2caa5b96d2 54fadb412c4e40cdbaed9335e4c35a9e - - -,[instance: 17288ea8-cbf4-4f0e-94fe-853fd2735f29] Deleting instance files /var/lib/nova/instances/17288ea8-cbf4-4f0e-94fe-853fd2735f29_del,d62f463e
nova-compute.log.1.2017-05-16_13:55:31,2017-05-16,00:08:34.742,2931,INFO,nova.virt.libvirt.driver,req-c00498e9-c4a0-4e46-b680-c8e4927369f7 113d3a99c3da401fbd62cc2caa5b96d2 54fadb412c4e40cdbaed9335e4c35a9e - - -,[instance: 17288ea8-cbf4-4f0e-94fe-853fd2735f29] Deletion of /var/lib/nova/instances/17288ea8-cbf4-4f0e-94fe-853fd2735f29_del complete,671cfc57
nova-compute.log.1.2017-05-16_13:55:31,2017-05-16,00:08:35.420,2931,INFO,nova.compute.manager,req-c00498e9-c4a0-4e46-b680-c8e4927369f7 113d3a99c3da401fbd62cc2caa5b96d2 54fadb412c4e40cdbaed9335e4c35a9e - - -,[instance: 17288ea8-cbf4-4f0e-94fe-853fd2735f29] Took 0.57 seconds to deallocate network for instance.,434bb3e0
nova-compute.log.1.2017-05-16_13:55:31,2017-05-16,00:08:47.371,2931,INFO,nova.compute.claims,req-98474cd9-61e1-4afe-bd52-676a577b058f 113d3a99c3da401fbd62cc2caa5b96d2 54fadb412c4e40cdbaed9335e4c35a9e - - -,"[instance: 70c1714b-c11b-4c88-b300-239afe1f5ff8] Attempting claim: memory 2048 MB, disk 20 GB, vcpus 1 CPU",2fa1a466
nova-compute.log.1.2017-05-16_13:55:31,2017-05-16,00:08:47.372,2931,INFO,nova.compute.claims,req-98474cd9-61e1-4afe-bd52-676a577b058f 113d3a99c3da401fbd62cc2caa5b96d2 54fadb412c4e40cdbaed9335e4c35a9e - - -,"[instance: 70c1714b-c11b-4c88-b300-239afe1f5ff8] Total memory: 64172 MB, used: 512.00 MB",3450d980
nova-compute.log.1.2017-05-16_13:55:31,2017-05-16,00:08:47.374,2931,INFO,nova.compute.claims,req-98474cd9-61e1-4afe-bd52-676a577b058f 113d3a99c3da401fbd62cc2caa5b96d2 54fadb412c4e40cdbaed9335e4c35a9e - - -,"[instance: 70c1714b-c11b-4c88-b300-239afe1f5ff8] Total disk: 15 GB, used: 0.00 GB",35df0b1d
nova-compute.log.1.2017-05-16_13:55:31,2017-05-16,00:08:47.375,2931,INFO,nova.compute.claims,req-98474cd9-61e1-4afe-bd52-676a577b058f 113d3a99c3da401fbd62cc2caa5b96d2 54fadb412c4e40cdbaed9335e4c35a9e - - -,"[instance: 70c1714b-c11b-4c88-b300-239afe1f5ff8] disk limit not specified, defaulting to unlimited",fa780844
nova-compute.log.1.2017-05-16_13:55:31,2017-05-16,00:08:47.408,2931,INFO,nova.compute.claims,req-98474cd9-61e1-4afe-bd52-676a577b058f 113d3a99c3da401fbd62cc2caa5b96d2 54fadb412c4e40cdbaed9335e4c35a9e - - -,[instance: 70c1714b-c11b-4c88-b300-239afe1f5ff8] Claim successful,06b10101
nova-compute.log.1.2017-05-16_13:55:31,2017-05-16,00:09:01.018,2931,INFO,nova.compute.manager,req-3ea4052c-895d-4b64-9e2d-04d64c4d94ab - - - - -,[instance: 70c1714b-c11b-4c88-b300-239afe1f5ff8] VM Started (Lifecycle Event),49928322
nova-compute.log.1.2017-05-16_13:55:31,2017-05-16,00:09:01.203,2931,INFO,nova.compute.manager,req-3ea4052c-895d-4b64-9e2d-04d64c4d94ab - - - - -,[instance: 70c1714b-c11b-4c88-b300-239afe1f5ff8] During sync_power_state the instance has a pending task (spawning). Skip.,69e0d275
nova-compute.log.1.2017-05-16_13:55:31,2017-05-16,00:09:08.053,2931,INFO,nova.virt.libvirt.driver,-,[instance: 70c1714b-c11b-4c88-b300-239afe1f5ff8] Instance spawned successfully.,26a2596b
nova-compute.log.1.2017-05-16_13:55:31,2017-05-16,00:09:08.054,2931,INFO,nova.compute.manager,req-98474cd9-61e1-4afe-bd52-676a577b058f 113d3a99c3da401fbd62cc2caa5b96d2 54fadb412c4e40cdbaed9335e4c35a9e - - -,[instance: 70c1714b-c11b-4c88-b300-239afe1f5ff8] Took 20.05 seconds to spawn the instance on the hypervisor.,bb936264
nova-compute.log.1.2017-05-16_13:55:31,2017-05-16,00:09:08.188,2931,INFO,nova.compute.manager,req-98474cd9-61e1-4afe-bd52-676a577b058f 113d3a99c3da401fbd62cc2caa5b96d2 54fadb412c4e40cdbaed9335e4c35a9e - - -,[instance: 70c1714b-c11b-4c88-b300-239afe1f5ff8] Took 20.83 seconds to build instance.,f18a7643
nova-compute.log.1.2017-05-16_13:55:31,2017-05-16,00:09:16.762,2931,INFO,nova.virt.libvirt.driver,req-4df3e4ef-09e7-4806-a7e9-bbb5a052ab1b 113d3a99c3da401fbd62cc2caa5b96d2 54fadb412c4e40cdbaed9335e4c35a9e - - -,[instance: 70c1714b-c11b-4c88-b300-239afe1f5ff8] Deleting instance files /var/lib/nova/instances/70c1714b-c11b-4c88-b300-239afe1f5ff8_del,e788dac3
nova-compute.log.1.2017-05-16_13:55:31,2017-05-16,00:09:16.764,2931,INFO,nova.virt.libvirt.driver,req-4df3e4ef-09e7-4806-a7e9-bbb5a052ab1b 113d3a99c3da401fbd62cc2caa5b96d2 54fadb412c4e40cdbaed9335e4c35a9e - - -,[instance: 70c1714b-c11b-4c88-b300-239afe1f5ff8] Deletion of /var/lib/nova/instances/70c1714b-c11b-4c88-b300-239afe1f5ff8_del complete,32bb3099
nova-compute.log.1.2017-05-16_13:55:31,2017-05-16,00:09:17.347,2931,INFO,nova.compute.manager,req-4df3e4ef-09e7-4806-a7e9-bbb5a052ab1b 113d3a99c3da401fbd62cc2caa5b96d2 54fadb412c4e40cdbaed9335e4c35a9e - - -,[instance: 70c1714b-c11b-4c88-b300-239afe1f5ff8] Took 0.47 seconds to deallocate network for instance.,cfe87090
nova-compute.log.1.2017-05-16_13:55:31,2017-05-16,00:09:29.271,2931,INFO,nova.compute.claims,req-a07ac654-8e81-416d-bfbb-189116b07969 113d3a99c3da401fbd62cc2caa5b96d2 54fadb412c4e40cdbaed9335e4c35a9e - - -,"[instance: bf8c824d-f099-4433-a41e-e3da7578262e] Attempting claim: memory 2048 MB, disk 20 GB, vcpus 1 CPU",4e521c8a
nova-compute.log.1.2017-05-16_13:55:31,2017-05-16,00:09:29.272,2931,INFO,nova.compute.claims,req-a07ac654-8e81-416d-bfbb-189116b07969 113d3a99c3da401fbd62cc2caa5b96d2 54fadb412c4e40cdbaed9335e4c35a9e - - -,"[instance: bf8c824d-f099-4433-a41e-e3da7578262e] Total memory: 64172 MB, used: 512.00 MB",e4964c70
nova-compute.log.1.2017-05-16_13:55:31,2017-05-16,00:09:29.273,2931,INFO,nova.compute.claims,req-a07ac654-8e81-416d-bfbb-189116b07969 113d3a99c3da401fbd62cc2caa5b96d2 54fadb412c4e40cdbaed9335e4c35a9e - - -,"[instance: bf8c824d-f099-4433-a41e-e3da7578262e] Total disk: 15 GB, used: 0.00 GB",f20818cf
nova-compute.log.1.2017-05-16_13:55:31,2017-05-16,00:09:29.274,2931,INFO,nova.compute.claims,req-a07ac654-8e81-416d-bfbb-189116b07969 113d3a99c3da401fbd62cc2caa5b96d2 54fadb412c4e40cdbaed9335e4c35a9e - - -,"[instance: bf8c824d-f099-4433-a41e-e3da7578262e] disk limit not specified, defaulting to unlimited",73baf3be
nova-compute.log.1.2017-05-16_13:55:31,2017-05-16,00:09:29.313,2931,INFO,nova.compute.claims,req-a07ac654-8e81-416d-bfbb-189116b07969 113d3a99c3da401fbd62cc2caa5b96d2 54fadb412c4e40cdbaed9335e4c35a9e - - -,[instance: bf8c824d-f099-4433-a41e-e3da7578262e] Claim successful,a9e920f2
nova-compute.log.1.2017-05-16_13:55:31,2017-05-16,00:09:41.850,2931,WARNING,nova.compute.manager,req-addc1839-2ed5-4778-b57e-5854eb7b8b09 - - - - -,"While synchronizing instance power states, found 1 instances in the database and 0 instances on the hypervisor.",7d8b6b51
nova-compute.log.1.2017-05-16_13:55:31,2017-05-16,00:09:43.328,2931,INFO,nova.compute.manager,req-3ea4052c-895d-4b64-9e2d-04d64c4d94ab - - - - -,[instance: bf8c824d-f099-4433-a41e-e3da7578262e] VM Started (Lifecycle Event),d96e2e5f
nova-compute.log.1.2017-05-16_13:55:31,2017-05-16,00:09:43.627,2931,INFO,nova.compute.manager,req-3ea4052c-895d-4b64-9e2d-04d64c4d94ab - - - - -,[instance: bf8c824d-f099-4433-a41e-e3da7578262e] During sync_power_state the instance has a pending task (spawning). Skip.,075c5795
nova-compute.log.1.2017-05-16_13:55:31,2017-05-16,00:09:49.429,2931,INFO,nova.virt.libvirt.driver,-,[instance: bf8c824d-f099-4433-a41e-e3da7578262e] Instance spawned successfully.,96835e1e
nova-compute.log.1.2017-05-16_13:55:31,2017-05-16,00:09:49.429,2931,INFO,nova.compute.manager,req-a07ac654-8e81-416d-bfbb-189116b07969 113d3a99c3da401fbd62cc2caa5b96d2 54fadb412c4e40cdbaed9335e4c35a9e - - -,[instance: bf8c824d-f099-4433-a41e-e3da7578262e] Took 19.53 seconds to spawn the instance on the hypervisor.,4b2fa4d9
nova-compute.log.1.2017-05-16_13:55:31,2017-05-16,00:09:49.566,2931,INFO,nova.compute.manager,req-a07ac654-8e81-416d-bfbb-189116b07969 113d3a99c3da401fbd62cc2caa5b96d2 54fadb412c4e40cdbaed9335e4c35a9e - - -,[instance: bf8c824d-f099-4433-a41e-e3da7578262e] Took 20.31 seconds to build instance.,495bff78
nova-compute.log.1.2017-05-16_13:55:31,2017-05-16,00:09:58.622,2931,INFO,nova.virt.libvirt.driver,req-ea160a5d-14a4-4637-b413-119173854b09 113d3a99c3da401fbd62cc2caa5b96d2 54fadb412c4e40cdbaed9335e4c35a9e - - -,[instance: bf8c824d-f099-4433-a41e-e3da7578262e] Deleting instance files /var/lib/nova/instances/bf8c824d-f099-4433-a41e-e3da7578262e_del,37db9f81
nova-compute.log.1.2017-05-16_13:55:31,2017-05-16,00:09:58.623,2931,INFO,nova.virt.libvirt.driver,req-ea160a5d-14a4-4637-b413-119173854b09 113d3a99c3da401fbd62cc2caa5b96d2 54fadb412c4e40cdbaed9335e4c35a9e - - -,[instance: bf8c824d-f099-4433-a41e-e3da7578262e] Deletion of /var/lib/nova/instances/bf8c824d-f099-4433-a41e-e3da7578262e_del complete,b042d253
nova-compute.log.1.2017-05-16_13:55:31,2017-05-16,00:09:59.276,2931,INFO,nova.compute.manager,req-ea160a5d-14a4-4637-b413-119173854b09 113d3a99c3da401fbd62cc2caa5b96d2 54fadb412c4e40cdbaed9335e4c35a9e - - -,[instance: bf8c824d-f099-4433-a41e-e3da7578262e] Took 0.53 seconds to deallocate network for instance.,8e826889
nova-compute.log.1.2017-05-16_13:55:31,2017-05-16,00:10:11.073,2931,INFO,nova.compute.claims,req-9118475d-6e72-48fa-9dee-e6b7d957dcd6 113d3a99c3da401fbd62cc2caa5b96d2 54fadb412c4e40cdbaed9335e4c35a9e - - -,"[instance: be793e89-2cc3-4f99-9884-9c6a624a84bc] Attempting claim: memory 2048 MB, disk 20 GB, vcpus 1 CPU",0345bfba
nova-compute.log.1.2017-05-16_13:55:31,2017-05-16,00:10:11.074,2931,INFO,nova.compute.claims,req-9118475d-6e72-48fa-9dee-e6b7d957dcd6 113d3a99c3da401fbd62cc2caa5b96d2 54fadb412c4e40cdbaed9335e4c35a9e - - -,"[instance: be793e89-2cc3-4f99-9884-9c6a624a84bc] Total memory: 64172 MB, used: 512.00 MB",aa6a0dfc
nova-compute.log.1.2017-05-16_13:55:31,2017-05-16,00:10:11.076,2931,INFO,nova.compute.claims,req-9118475d-6e72-48fa-9dee-e6b7d957dcd6 113d3a99c3da401fbd62cc2caa5b96d2 54fadb412c4e40cdbaed9335e4c35a9e - - -,"[instance: be793e89-2cc3-4f99-9884-9c6a624a84bc] Total disk: 15 GB, used: 0.00 GB",5bcc22eb
nova-compute.log.1.2017-05-16_13:55:31,2017-05-16,00:10:11.076,2931,INFO,nova.compute.claims,req-9118475d-6e72-48fa-9dee-e6b7d957dcd6 113d3a99c3da401fbd62cc2caa5b96d2 54fadb412c4e40cdbaed9335e4c35a9e - - -,"[instance: be793e89-2cc3-4f99-9884-9c6a624a84bc] disk limit not specified, defaulting to unlimited",5ba8e464
nova-compute.log.1.2017-05-16_13:55:31,2017-05-16,00:10:11.111,2931,INFO,nova.compute.claims,req-9118475d-6e72-48fa-9dee-e6b7d957dcd6 113d3a99c3da401fbd62cc2caa5b96d2 54fadb412c4e40cdbaed9335e4c35a9e - - -,[instance: be793e89-2cc3-4f99-9884-9c6a624a84bc] Claim successful,26ee0d4a
nova-compute.log.1.2017-05-16_13:55:31,2017-05-16,00:10:24.241,2931,INFO,nova.compute.manager,req-3ea4052c-895d-4b64-9e2d-04d64c4d94ab - - - - -,[instance: be793e89-2cc3-4f99-9884-9c6a624a84bc] VM Started (Lifecycle Event),74bc92a4
nova-compute.log.1.2017-05-16_13:55:31,2017-05-16,00:10:24.423,2931,INFO,nova.compute.manager,req-3ea4052c-895d-4b64-9e2d-04d64c4d94ab - - - - -,[instance: be793e89-2cc3-4f99-9884-9c6a624a84bc] During sync_power_state the instance has a pending task (spawning). Skip.,6328e663
nova-compute.log.1.2017-05-16_13:55:31,2017-05-16,00:10:30.873,2931,INFO,nova.virt.libvirt.driver,-,[instance: be793e89-2cc3-4f99-9884-9c6a624a84bc] Instance spawned successfully.,c95a92cf
nova-compute.log.1.2017-05-16_13:55:31,2017-05-16,00:10:30.874,2931,INFO,nova.compute.manager,req-9118475d-6e72-48fa-9dee-e6b7d957dcd6 113d3a99c3da401fbd62cc2caa5b96d2 54fadb412c4e40cdbaed9335e4c35a9e - - -,[instance: be793e89-2cc3-4f99-9884-9c6a624a84bc] Took 19.16 seconds to spawn the instance on the hypervisor.,2270220b
nova-compute.log.1.2017-05-16_13:55:31,2017-05-16,00:10:31.027,2931,INFO,nova.compute.manager,req-9118475d-6e72-48fa-9dee-e6b7d957dcd6 113d3a99c3da401fbd62cc2caa5b96d2 54fadb412c4e40cdbaed9335e4c35a9e - - -,[instance: be793e89-2cc3-4f99-9884-9c6a624a84bc] Took 19.97 seconds to build instance.,342be423
nova-compute.log.1.2017-05-16_13:55:31,2017-05-16,00:10:38.835,2931,INFO,nova.virt.libvirt.driver,req-d3ff0250-98e8-4ed4-945b-3a67bfe78507 113d3a99c3da401fbd62cc2caa5b96d2 54fadb412c4e40cdbaed9335e4c35a9e - - -,[instance: be793e89-2cc3-4f99-9884-9c6a624a84bc] Deleting instance files /var/lib/nova/instances/be793e89-2cc3-4f99-9884-9c6a624a84bc_del,676b4301
nova-compute.log.1.2017-05-16_13:55:31,2017-05-16,00:10:38.836,2931,INFO,nova.virt.libvirt.driver,req-d3ff0250-98e8-4ed4-945b-3a67bfe78507 113d3a99c3da401fbd62cc2caa5b96d2 54fadb412c4e40cdbaed9335e4c35a9e - - -,[instance: be793e89-2cc3-4f99-9884-9c6a624a84bc] Deletion of /var/lib/nova/instances/be793e89-2cc3-4f99-9884-9c6a624a84bc_del complete,f2a0815f
nova-compute.log.1.2017-05-16_13:55:31,2017-05-16,00:10:39.417,2931,INFO,nova.compute.manager,req-d3ff0250-98e8-4ed4-945b-3a67bfe78507 113d3a99c3da401fbd62cc2caa5b96d2 54fadb412c4e40cdbaed9335e4c35a9e - - -,[instance: be793e89-2cc3-4f99-9884-9c6a624a84bc] Took 0.46 seconds to deallocate network for instance.,99089cfd
nova-compute.log.1.2017-05-16_13:55:31,2017-05-16,00:10:51.245,2931,INFO,nova.compute.claims,req-4b4dd551-26d8-48e2-bd52-91793d2157bc 113d3a99c3da401fbd62cc2caa5b96d2 54fadb412c4e40cdbaed9335e4c35a9e - - -,"[instance: a015cf14-84bb-4156-a48d-7c4824ac7a9d] Attempting claim: memory 2048 MB, disk 20 GB, vcpus 1 CPU",1f67b845
nova-compute.log.1.2017-05-16_13:55:31,2017-05-16,00:10:51.246,2931,INFO,nova.compute.claims,req-4b4dd551-26d8-48e2-bd52-91793d2157bc 113d3a99c3da401fbd62cc2caa5b96d2 54fadb412c4e40cdbaed9335e4c35a9e - - -,"[instance: a015cf14-84bb-4156-a48d-7c4824ac7a9d] Total memory: 64172 MB, used: 512.00 MB",ee9d3ed2
nova-compute.log.1.2017-05-16_13:55:31,2017-05-16,00:10:51.248,2931,INFO,nova.compute.claims,req-4b4dd551-26d8-48e2-bd52-91793d2157bc 113d3a99c3da401fbd62cc2caa5b96d2 54fadb412c4e40cdbaed9335e4c35a9e - - -,"[instance: a015cf14-84bb-4156-a48d-7c4824ac7a9d] Total disk: 15 GB, used: 0.00 GB",9d10b4cf
nova-compute.log.1.2017-05-16_13:55:31,2017-05-16,00:10:51.249,2931,INFO,nova.compute.claims,req-4b4dd551-26d8-48e2-bd52-91793d2157bc 113d3a99c3da401fbd62cc2caa5b96d2 54fadb412c4e40cdbaed9335e4c35a9e - - -,"[instance: a015cf14-84bb-4156-a48d-7c4824ac7a9d] disk limit not specified, defaulting to unlimited",1ca2beca
nova-compute.log.1.2017-05-16_13:55:31,2017-05-16,00:10:51.280,2931,INFO,nova.compute.claims,req-4b4dd551-26d8-48e2-bd52-91793d2157bc 113d3a99c3da401fbd62cc2caa5b96d2 54fadb412c4e40cdbaed9335e4c35a9e - - -,[instance: a015cf14-84bb-4156-a48d-7c4824ac7a9d] Claim successful,419716e4
nova-compute.log.1.2017-05-16_13:55:31,2017-05-16,00:11:04.923,2931,INFO,nova.compute.manager,req-3ea4052c-895d-4b64-9e2d-04d64c4d94ab - - - - -,[instance: a015cf14-84bb-4156-a48d-7c4824ac7a9d] VM Started (Lifecycle Event),dcbf6918
nova-compute.log.1.2017-05-16_13:55:31,2017-05-16,00:11:05.111,2931,INFO,nova.compute.manager,req-3ea4052c-895d-4b64-9e2d-04d64c4d94ab - - - - -,[instance: a015cf14-84bb-4156-a48d-7c4824ac7a9d] During sync_power_state the instance has a pending task (spawning). Skip.,7c5e56de
nova-compute.log.1.2017-05-16_13:55:31,2017-05-16,00:11:12.170,2931,INFO,nova.virt.libvirt.driver,-,[instance: a015cf14-84bb-4156-a48d-7c4824ac7a9d] Instance spawned successfully.,ef7dfb13
nova-compute.log.1.2017-05-16_13:55:31,2017-05-16,00:11:12.171,2931,INFO,nova.compute.manager,req-4b4dd551-26d8-48e2-bd52-91793d2157bc 113d3a99c3da401fbd62cc2caa5b96d2 54fadb412c4e40cdbaed9335e4c35a9e - - -,[instance: a015cf14-84bb-4156-a48d-7c4824ac7a9d] Took 20.25 seconds to spawn the instance on the hypervisor.,2632c6ef
nova-compute.log.1.2017-05-16_13:55:31,2017-05-16,00:11:12.315,2931,INFO,nova.compute.manager,req-4b4dd551-26d8-48e2-bd52-91793d2157bc 113d3a99c3da401fbd62cc2caa5b96d2 54fadb412c4e40cdbaed9335e4c35a9e - - -,[instance: a015cf14-84bb-4156-a48d-7c4824ac7a9d] Took 21.08 seconds to build instance.,9a833d61
nova-compute.log.1.2017-05-16_13:55:31,2017-05-16,00:11:20.569,2931,INFO,nova.virt.libvirt.driver,req-5e0f9d3c-be64-4960-a107-d406900e0ea8 113d3a99c3da401fbd62cc2caa5b96d2 54fadb412c4e40cdbaed9335e4c35a9e - - -,[instance: a015cf14-84bb-4156-a48d-7c4824ac7a9d] Deleting instance files /var/lib/nova/instances/a015cf14-84bb-4156-a48d-7c4824ac7a9d_del,7819da45
nova-compute.log.1.2017-05-16_13:55:31,2017-05-16,00:11:20.571,2931,INFO,nova.virt.libvirt.driver,req-5e0f9d3c-be64-4960-a107-d406900e0ea8 113d3a99c3da401fbd62cc2caa5b96d2 54fadb412c4e40cdbaed9335e4c35a9e - - -,[instance: a015cf14-84bb-4156-a48d-7c4824ac7a9d] Deletion of /var/lib/nova/instances/a015cf14-84bb-4156-a48d-7c4824ac7a9d_del complete,34ec249b
nova-compute.log.1.2017-05-16_13:55:31,2017-05-16,00:11:21.269,2931,INFO,nova.compute.manager,req-5e0f9d3c-be64-4960-a107-d406900e0ea8 113d3a99c3da401fbd62cc2caa5b96d2 54fadb412c4e40cdbaed9335e4c35a9e - - -,[instance: a015cf14-84bb-4156-a48d-7c4824ac7a9d] Took 0.57 seconds to deallocate network for instance.,09d29721
nova-compute.log.1.2017-05-16_13:55:31,2017-05-16,00:11:33.089,2931,INFO,nova.compute.claims,req-5c8f52bd-8e3c-41f0-95a5-7861d247cafa 113d3a99c3da401fbd62cc2caa5b96d2 54fadb412c4e40cdbaed9335e4c35a9e - - -,"[instance: d96a117b-0193-4549-bdcc-63b917273d1d] Attempting claim: memory 2048 MB, disk 20 GB, vcpus 1 CPU",779aa3e0
nova-compute.log.1.2017-05-16_13:55:31,2017-05-16,00:11:33.091,2931,INFO,nova.compute.claims,req-5c8f52bd-8e3c-41f0-95a5-7861d247cafa 113d3a99c3da401fbd62cc2caa5b96d2 54fadb412c4e40cdbaed9335e4c35a9e - - -,"[instance: d96a117b-0193-4549-bdcc-63b917273d1d] Total memory: 64172 MB, used: 512.00 MB",6b63977f
nova-compute.log.1.2017-05-16_13:55:31,2017-05-16,00:11:33.092,2931,INFO,nova.compute.claims,req-5c8f52bd-8e3c-41f0-95a5-7861d247cafa 113d3a99c3da401fbd62cc2caa5b96d2 54fadb412c4e40cdbaed9335e4c35a9e - - -,"[instance: d96a117b-0193-4549-bdcc-63b917273d1d] Total disk: 15 GB, used: 0.00 GB",8f11dd8f
nova-compute.log.1.2017-05-16_13:55:31,2017-05-16,00:11:33.093,2931,INFO,nova.compute.claims,req-5c8f52bd-8e3c-41f0-95a5-7861d247cafa 113d3a99c3da401fbd62cc2caa5b96d2 54fadb412c4e40cdbaed9335e4c35a9e - - -,"[instance: d96a117b-0193-4549-bdcc-63b917273d1d] disk limit not specified, defaulting to unlimited",2cfb0248
nova-compute.log.1.2017-05-16_13:55:31,2017-05-16,00:11:33.126,2931,INFO,nova.compute.claims,req-5c8f52bd-8e3c-41f0-95a5-7861d247cafa 113d3a99c3da401fbd62cc2caa5b96d2 54fadb412c4e40cdbaed9335e4c35a9e - - -,[instance: d96a117b-0193-4549-bdcc-63b917273d1d] Claim successful,202c278a
nova-compute.log.1.2017-05-16_13:55:31,2017-05-16,00:11:46.681,2931,INFO,nova.compute.manager,req-3ea4052c-895d-4b64-9e2d-04d64c4d94ab - - - - -,[instance: d96a117b-0193-4549-bdcc-63b917273d1d] VM Started (Lifecycle Event),36a1d805
nova-compute.log.1.2017-05-16_13:55:31,2017-05-16,00:11:46.882,2931,INFO,nova.compute.manager,req-3ea4052c-895d-4b64-9e2d-04d64c4d94ab - - - - -,[instance: d96a117b-0193-4549-bdcc-63b917273d1d] During sync_power_state the instance has a pending task (spawning). Skip.,367744d1
nova-compute.log.1.2017-05-16_13:55:31,2017-05-16,00:11:53.482,2931,INFO,nova.virt.libvirt.driver,-,[instance: d96a117b-0193-4549-bdcc-63b917273d1d] Instance spawned successfully.,ad21183a
nova-compute.log.1.2017-05-16_13:55:31,2017-05-16,00:11:53.482,2931,INFO,nova.compute.manager,req-5c8f52bd-8e3c-41f0-95a5-7861d247cafa 113d3a99c3da401fbd62cc2caa5b96d2 54fadb412c4e40cdbaed9335e4c35a9e - - -,[instance: d96a117b-0193-4549-bdcc-63b917273d1d] Took 19.74 seconds to spawn the instance on the hypervisor.,ea49bece
nova-compute.log.1.2017-05-16_13:55:31,2017-05-16,00:11:53.630,2931,INFO,nova.compute.manager,req-5c8f52bd-8e3c-41f0-95a5-7861d247cafa 113d3a99c3da401fbd62cc2caa5b96d2 54fadb412c4e40cdbaed9335e4c35a9e - - -,[instance: d96a117b-0193-4549-bdcc-63b917273d1d] Took 20.55 seconds to build instance.,f3ccc3f3
nova-compute.log.1.2017-05-16_13:55:31,2017-05-16,00:12:02.514,2931,INFO,nova.virt.libvirt.driver,req-121ecfae-3fb1-49cc-9a78-8b046fe73a77 113d3a99c3da401fbd62cc2caa5b96d2 54fadb412c4e40cdbaed9335e4c35a9e - - -,[instance: d96a117b-0193-4549-bdcc-63b917273d1d] Deleting instance files /var/lib/nova/instances/d96a117b-0193-4549-bdcc-63b917273d1d_del,611b5eae
nova-compute.log.1.2017-05-16_13:55:31,2017-05-16,00:12:02.516,2931,INFO,nova.virt.libvirt.driver,req-121ecfae-3fb1-49cc-9a78-8b046fe73a77 113d3a99c3da401fbd62cc2caa5b96d2 54fadb412c4e40cdbaed9335e4c35a9e - - -,[instance: d96a117b-0193-4549-bdcc-63b917273d1d] Deletion of /var/lib/nova/instances/d96a117b-0193-4549-bdcc-63b917273d1d_del complete,93c28803
nova-compute.log.1.2017-05-16_13:55:31,2017-05-16,00:12:03.079,2931,INFO,nova.compute.manager,req-121ecfae-3fb1-49cc-9a78-8b046fe73a77 113d3a99c3da401fbd62cc2caa5b96d2 54fadb412c4e40cdbaed9335e4c35a9e - - -,[instance: d96a117b-0193-4549-bdcc-63b917273d1d] Took 0.45 seconds to deallocate network for instance.,80769c60
nova-compute.log.1.2017-05-16_13:55:31,2017-05-16,00:12:15.046,2931,INFO,nova.compute.claims,req-beb938db-df6e-4611-8113-1a148a0224bc 113d3a99c3da401fbd62cc2caa5b96d2 54fadb412c4e40cdbaed9335e4c35a9e - - -,"[instance: d6b7bd36-2943-4363-9235-fffdd89ea40e] Attempting claim: memory 2048 MB, disk 20 GB, vcpus 1 CPU",79e3ed6c
nova-compute.log.1.2017-05-16_13:55:31,2017-05-16,00:12:15.047,2931,INFO,nova.compute.claims,req-beb938db-df6e-4611-8113-1a148a0224bc 113d3a99c3da401fbd62cc2caa5b96d2 54fadb412c4e40cdbaed9335e4c35a9e - - -,"[instance: d6b7bd36-2943-4363-9235-fffdd89ea40e] Total memory: 64172 MB, used: 512.00 MB",0be3de9c
nova-compute.log.1.2017-05-16_13:55:31,2017-05-16,00:12:15.048,2931,INFO,nova.compute.claims,req-beb938db-df6e-4611-8113-1a148a0224bc 113d3a99c3da401fbd62cc2caa5b96d2 54fadb412c4e40cdbaed9335e4c35a9e - - -,"[instance: d6b7bd36-2943-4363-9235-fffdd89ea40e] Total disk: 15 GB, used: 0.00 GB",2e8cb2dd
nova-compute.log.1.2017-05-16_13:55:31,2017-05-16,00:12:15.049,2931,INFO,nova.compute.claims,req-beb938db-df6e-4611-8113-1a148a0224bc 113d3a99c3da401fbd62cc2caa5b96d2 54fadb412c4e40cdbaed9335e4c35a9e - - -,"[instance: d6b7bd36-2943-4363-9235-fffdd89ea40e] disk limit not specified, defaulting to unlimited",15f93e2f
nova-compute.log.1.2017-05-16_13:55:31,2017-05-16,00:12:15.080,2931,INFO,nova.compute.claims,req-beb938db-df6e-4611-8113-1a148a0224bc 113d3a99c3da401fbd62cc2caa5b96d2 54fadb412c4e40cdbaed9335e4c35a9e - - -,[instance: d6b7bd36-2943-4363-9235-fffdd89ea40e] Claim successful,fcb8af18
nova-compute.log.1.2017-05-16_13:55:31,2017-05-16,00:12:28.718,2931,INFO,nova.compute.manager,req-3ea4052c-895d-4b64-9e2d-04d64c4d94ab - - - - -,[instance: d6b7bd36-2943-4363-9235-fffdd89ea40e] VM Started (Lifecycle Event),0e612b16
nova-compute.log.1.2017-05-16_13:55:31,2017-05-16,00:12:28.906,2931,INFO,nova.compute.manager,req-3ea4052c-895d-4b64-9e2d-04d64c4d94ab - - - - -,[instance: d6b7bd36-2943-4363-9235-fffdd89ea40e] During sync_power_state the instance has a pending task (spawning). Skip.,03152cab
nova-compute.log.1.2017-05-16_13:55:31,2017-05-16,00:12:34.936,2931,INFO,nova.virt.libvirt.driver,-,[instance: d6b7bd36-2943-4363-9235-fffdd89ea40e] Instance spawned successfully.,ec0a74da
nova-compute.log.1.2017-05-16_13:55:31,2017-05-16,00:12:34.937,2931,INFO,nova.compute.manager,req-beb938db-df6e-4611-8113-1a148a0224bc 113d3a99c3da401fbd62cc2caa5b96d2 54fadb412c4e40cdbaed9335e4c35a9e - - -,[instance: d6b7bd36-2943-4363-9235-fffdd89ea40e] Took 19.19 seconds to spawn the instance on the hypervisor.,1e9f0bac
nova-compute.log.1.2017-05-16_13:55:31,2017-05-16,00:12:35.078,2931,INFO,nova.compute.manager,req-beb938db-df6e-4611-8113-1a148a0224bc 113d3a99c3da401fbd62cc2caa5b96d2 54fadb412c4e40cdbaed9335e4c35a9e - - -,[instance: d6b7bd36-2943-4363-9235-fffdd89ea40e] Took 20.05 seconds to build instance.,099c3860
nova-compute.log.1.2017-05-16_13:55:31,2017-05-16,00:12:42.843,2931,INFO,nova.virt.libvirt.driver,req-83a70d92-4077-4368-b3e4-b416cf0128aa 113d3a99c3da401fbd62cc2caa5b96d2 54fadb412c4e40cdbaed9335e4c35a9e - - -,[instance: d6b7bd36-2943-4363-9235-fffdd89ea40e] Deleting instance files /var/lib/nova/instances/d6b7bd36-2943-4363-9235-fffdd89ea40e_del,84790082
nova-compute.log.1.2017-05-16_13:55:31,2017-05-16,00:12:42.844,2931,INFO,nova.virt.libvirt.driver,req-83a70d92-4077-4368-b3e4-b416cf0128aa 113d3a99c3da401fbd62cc2caa5b96d2 54fadb412c4e40cdbaed9335e4c35a9e - - -,[instance: d6b7bd36-2943-4363-9235-fffdd89ea40e] Deletion of /var/lib/nova/instances/d6b7bd36-2943-4363-9235-fffdd89ea40e_del complete,cbb316a8
nova-compute.log.1.2017-05-16_13:55:31,2017-05-16,00:12:43.429,2931,INFO,nova.compute.manager,req-83a70d92-4077-4368-b3e4-b416cf0128aa 113d3a99c3da401fbd62cc2caa5b96d2 54fadb412c4e40cdbaed9335e4c35a9e - - -,[instance: d6b7bd36-2943-4363-9235-fffdd89ea40e] Took 0.45 seconds to deallocate network for instance.,fe269be5
nova-compute.log.1.2017-05-16_13:55:31,2017-05-16,00:12:55.418,2931,INFO,nova.compute.claims,req-afb5ee70-39d1-435e-9bf9-2fc3339c5b5b 113d3a99c3da401fbd62cc2caa5b96d2 54fadb412c4e40cdbaed9335e4c35a9e - - -,"[instance: 127e769a-4fe6-4548-93b1-513ac51e0452] Attempting claim: memory 2048 MB, disk 20 GB, vcpus 1 CPU",554fcb62
nova-compute.log.1.2017-05-16_13:55:31,2017-05-16,00:12:55.418,2931,INFO,nova.compute.claims,req-afb5ee70-39d1-435e-9bf9-2fc3339c5b5b 113d3a99c3da401fbd62cc2caa5b96d2 54fadb412c4e40cdbaed9335e4c35a9e - - -,"[instance: 127e769a-4fe6-4548-93b1-513ac51e0452] Total memory: 64172 MB, used: 512.00 MB",250f1190
nova-compute.log.1.2017-05-16_13:55:31,2017-05-16,00:12:55.419,2931,INFO,nova.compute.claims,req-afb5ee70-39d1-435e-9bf9-2fc3339c5b5b 113d3a99c3da401fbd62cc2caa5b96d2 54fadb412c4e40cdbaed9335e4c35a9e - - -,"[instance: 127e769a-4fe6-4548-93b1-513ac51e0452] Total disk: 15 GB, used: 0.00 GB",24d7e1db
nova-compute.log.1.2017-05-16_13:55:31,2017-05-16,00:12:55.420,2931,INFO,nova.compute.claims,req-afb5ee70-39d1-435e-9bf9-2fc3339c5b5b 113d3a99c3da401fbd62cc2caa5b96d2 54fadb412c4e40cdbaed9335e4c35a9e - - -,"[instance: 127e769a-4fe6-4548-93b1-513ac51e0452] disk limit not specified, defaulting to unlimited",45620dd8
nova-compute.log.1.2017-05-16_13:55:31,2017-05-16,00:12:55.452,2931,INFO,nova.compute.claims,req-afb5ee70-39d1-435e-9bf9-2fc3339c5b5b 113d3a99c3da401fbd62cc2caa5b96d2 54fadb412c4e40cdbaed9335e4c35a9e - - -,[instance: 127e769a-4fe6-4548-93b1-513ac51e0452] Claim successful,c45d1f8d
nova-compute.log.1.2017-05-16_13:55:31,2017-05-16,00:13:09.118,2931,INFO,nova.compute.manager,req-3ea4052c-895d-4b64-9e2d-04d64c4d94ab - - - - -,[instance: 127e769a-4fe6-4548-93b1-513ac51e0452] VM Started (Lifecycle Event),16341214
nova-compute.log.1.2017-05-16_13:55:31,2017-05-16,00:13:09.307,2931,INFO,nova.compute.manager,req-3ea4052c-895d-4b64-9e2d-04d64c4d94ab - - - - -,[instance: 127e769a-4fe6-4548-93b1-513ac51e0452] During sync_power_state the instance has a pending task (spawning). Skip.,182cb440
nova-compute.log.1.2017-05-16_13:55:31,2017-05-16,00:13:16.313,2931,INFO,nova.virt.libvirt.driver,-,[instance: 127e769a-4fe6-4548-93b1-513ac51e0452] Instance spawned successfully.,57aab9aa
nova-compute.log.1.2017-05-16_13:55:31,2017-05-16,00:13:16.313,2931,INFO,nova.compute.manager,req-afb5ee70-39d1-435e-9bf9-2fc3339c5b5b 113d3a99c3da401fbd62cc2caa5b96d2 54fadb412c4e40cdbaed9335e4c35a9e - - -,[instance: 127e769a-4fe6-4548-93b1-513ac51e0452] Took 20.29 seconds to spawn the instance on the hypervisor.,31b2c3e2
nova-compute.log.1.2017-05-16_13:55:31,2017-05-16,00:13:16.456,2931,INFO,nova.compute.manager,req-afb5ee70-39d1-435e-9bf9-2fc3339c5b5b 113d3a99c3da401fbd62cc2caa5b96d2 54fadb412c4e40cdbaed9335e4c35a9e - - -,[instance: 127e769a-4fe6-4548-93b1-513ac51e0452] Took 21.05 seconds to build instance.,0840efff
nova-compute.log.1.2017-05-16_13:55:31,2017-05-16,00:13:24.634,2931,INFO,nova.virt.libvirt.driver,req-2aa6387d-95fb-4fd7-b1be-f36ebc5c11a6 113d3a99c3da401fbd62cc2caa5b96d2 54fadb412c4e40cdbaed9335e4c35a9e - - -,[instance: 127e769a-4fe6-4548-93b1-513ac51e0452] Deleting instance files /var/lib/nova/instances/127e769a-4fe6-4548-93b1-513ac51e0452_del,cf69895d
nova-compute.log.1.2017-05-16_13:55:31,2017-05-16,00:13:24.636,2931,INFO,nova.virt.libvirt.driver,req-2aa6387d-95fb-4fd7-b1be-f36ebc5c11a6 113d3a99c3da401fbd62cc2caa5b96d2 54fadb412c4e40cdbaed9335e4c35a9e - - -,[instance: 127e769a-4fe6-4548-93b1-513ac51e0452] Deletion of /var/lib/nova/instances/127e769a-4fe6-4548-93b1-513ac51e0452_del complete,ffaabe8d
nova-compute.log.1.2017-05-16_13:55:31,2017-05-16,00:13:25.233,2931,INFO,nova.compute.manager,req-2aa6387d-95fb-4fd7-b1be-f36ebc5c11a6 113d3a99c3da401fbd62cc2caa5b96d2 54fadb412c4e40cdbaed9335e4c35a9e - - -,[instance: 127e769a-4fe6-4548-93b1-513ac51e0452] Took 0.47 seconds to deallocate network for instance.,eaa82bd5
nova-compute.log.1.2017-05-16_13:55:31,2017-05-16,00:13:37.116,2931,INFO,nova.compute.claims,req-6f9ecdfe-481c-4535-9bdc-45d86085d739 113d3a99c3da401fbd62cc2caa5b96d2 54fadb412c4e40cdbaed9335e4c35a9e - - -,"[instance: c62f4f25-982c-4ea2-b5e4-93000edfcfbf] Attempting claim: memory 2048 MB, disk 20 GB, vcpus 1 CPU",bffdd175
nova-compute.log.1.2017-05-16_13:55:31,2017-05-16,00:13:37.117,2931,INFO,nova.compute.claims,req-6f9ecdfe-481c-4535-9bdc-45d86085d739 113d3a99c3da401fbd62cc2caa5b96d2 54fadb412c4e40cdbaed9335e4c35a9e - - -,"[instance: c62f4f25-982c-4ea2-b5e4-93000edfcfbf] Total memory: 64172 MB, used: 512.00 MB",7b76ff9e
nova-compute.log.1.2017-05-16_13:55:31,2017-05-16,00:13:37.118,2931,INFO,nova.compute.claims,req-6f9ecdfe-481c-4535-9bdc-45d86085d739 113d3a99c3da401fbd62cc2caa5b96d2 54fadb412c4e40cdbaed9335e4c35a9e - - -,"[instance: c62f4f25-982c-4ea2-b5e4-93000edfcfbf] Total disk: 15 GB, used: 0.00 GB",e4919f9d
nova-compute.log.1.2017-05-16_13:55:31,2017-05-16,00:13:37.118,2931,INFO,nova.compute.claims,req-6f9ecdfe-481c-4535-9bdc-45d86085d739 113d3a99c3da401fbd62cc2caa5b96d2 54fadb412c4e40cdbaed9335e4c35a9e - - -,"[instance: c62f4f25-982c-4ea2-b5e4-93000edfcfbf] disk limit not specified, defaulting to unlimited",00fc4719
nova-compute.log.1.2017-05-16_13:55:31,2017-05-16,00:13:37.154,2931,INFO,nova.compute.claims,req-6f9ecdfe-481c-4535-9bdc-45d86085d739 113d3a99c3da401fbd62cc2caa5b96d2 54fadb412c4e40cdbaed9335e4c35a9e - - -,[instance: c62f4f25-982c-4ea2-b5e4-93000edfcfbf] Claim successful,29f4b5af
nova-compute.log.1.2017-05-16_13:55:31,2017-05-16,00:13:50.667,2931,INFO,nova.compute.manager,req-3ea4052c-895d-4b64-9e2d-04d64c4d94ab - - - - -,[instance: c62f4f25-982c-4ea2-b5e4-93000edfcfbf] VM Started (Lifecycle Event),d83a429a
nova-compute.log.1.2017-05-16_13:55:31,2017-05-16,00:13:50.867,2931,INFO,nova.compute.manager,req-3ea4052c-895d-4b64-9e2d-04d64c4d94ab - - - - -,[instance: c62f4f25-982c-4ea2-b5e4-93000edfcfbf] During sync_power_state the instance has a pending task (spawning). Skip.,64fa83fa
nova-compute.log.1.2017-05-16_13:55:31,2017-05-16,00:13:57.756,2931,INFO,nova.virt.libvirt.driver,-,[instance: c62f4f25-982c-4ea2-b5e4-93000edfcfbf] Instance spawned successfully.,0d3a2a81
nova-compute.log.1.2017-05-16_13:55:31,2017-05-16,00:13:57.757,2931,INFO,nova.compute.manager,req-6f9ecdfe-481c-4535-9bdc-45d86085d739 113d3a99c3da401fbd62cc2caa5b96d2 54fadb412c4e40cdbaed9335e4c35a9e - - -,[instance: c62f4f25-982c-4ea2-b5e4-93000edfcfbf] Took 20.03 seconds to spawn the instance on the hypervisor.,a902efb4
nova-compute.log.1.2017-05-16_13:55:31,2017-05-16,00:13:57.894,2931,INFO,nova.compute.manager,req-6f9ecdfe-481c-4535-9bdc-45d86085d739 113d3a99c3da401fbd62cc2caa5b96d2 54fadb412c4e40cdbaed9335e4c35a9e - - -,[instance: c62f4f25-982c-4ea2-b5e4-93000edfcfbf] Took 20.79 seconds to build instance.,e304fae0
nova-compute.log.1.2017-05-16_13:55:31,2017-05-16,00:14:06.453,2931,INFO,nova.virt.libvirt.driver,req-08d50ea8-a6d0-474a-aaea-560407ef2dec 113d3a99c3da401fbd62cc2caa5b96d2 54fadb412c4e40cdbaed9335e4c35a9e - - -,[instance: c62f4f25-982c-4ea2-b5e4-93000edfcfbf] Deleting instance files /var/lib/nova/instances/c62f4f25-982c-4ea2-b5e4-93000edfcfbf_del,427e1ca3
nova-compute.log.1.2017-05-16_13:55:31,2017-05-16,00:14:06.455,2931,INFO,nova.virt.libvirt.driver,req-08d50ea8-a6d0-474a-aaea-560407ef2dec 113d3a99c3da401fbd62cc2caa5b96d2 54fadb412c4e40cdbaed9335e4c35a9e - - -,[instance: c62f4f25-982c-4ea2-b5e4-93000edfcfbf] Deletion of /var/lib/nova/instances/c62f4f25-982c-4ea2-b5e4-93000edfcfbf_del complete,a7ac79f8
nova-compute.log.1.2017-05-16_13:55:31,2017-05-16,00:14:07.161,2931,INFO,nova.compute.manager,req-08d50ea8-a6d0-474a-aaea-560407ef2dec 113d3a99c3da401fbd62cc2caa5b96d2 54fadb412c4e40cdbaed9335e4c35a9e - - -,[instance: c62f4f25-982c-4ea2-b5e4-93000edfcfbf] Took 0.58 seconds to deallocate network for instance.,40a1e6b6
nova-compute.log.1.2017-05-16_13:55:31,2017-05-16,00:14:18.993,2931,INFO,nova.compute.claims,req-3d26bc3d-373c-4269-b095-004aab7a9785 113d3a99c3da401fbd62cc2caa5b96d2 54fadb412c4e40cdbaed9335e4c35a9e - - -,"[instance: faf974ea-cba5-4e1b-93f4-3a3bc606006f] Attempting claim: memory 2048 MB, disk 20 GB, vcpus 1 CPU",84421cf8
nova-compute.log.1.2017-05-16_13:55:31,2017-05-16,00:14:18.995,2931,INFO,nova.compute.claims,req-3d26bc3d-373c-4269-b095-004aab7a9785 113d3a99c3da401fbd62cc2caa5b96d2 54fadb412c4e40cdbaed9335e4c35a9e - - -,"[instance: faf974ea-cba5-4e1b-93f4-3a3bc606006f] Total memory: 64172 MB, used: 512.00 MB",015d8bd2
nova-compute.log.1.2017-05-16_13:55:31,2017-05-16,00:14:18.996,2931,INFO,nova.compute.claims,req-3d26bc3d-373c-4269-b095-004aab7a9785 113d3a99c3da401fbd62cc2caa5b96d2 54fadb412c4e40cdbaed9335e4c35a9e - - -,"[instance: faf974ea-cba5-4e1b-93f4-3a3bc606006f] Total disk: 15 GB, used: 0.00 GB",465590e6
nova-compute.log.1.2017-05-16_13:55:31,2017-05-16,00:14:18.997,2931,INFO,nova.compute.claims,req-3d26bc3d-373c-4269-b095-004aab7a9785 113d3a99c3da401fbd62cc2caa5b96d2 54fadb412c4e40cdbaed9335e4c35a9e - - -,"[instance: faf974ea-cba5-4e1b-93f4-3a3bc606006f] disk limit not specified, defaulting to unlimited",e87257ec
nova-compute.log.1.2017-05-16_13:55:31,2017-05-16,00:14:19.032,2931,INFO,nova.compute.claims,req-3d26bc3d-373c-4269-b095-004aab7a9785 113d3a99c3da401fbd62cc2caa5b96d2 54fadb412c4e40cdbaed9335e4c35a9e - - -,[instance: faf974ea-cba5-4e1b-93f4-3a3bc606006f] Claim successful,591c14f9
nova-compute.log.1.2017-05-16_13:55:31,2017-05-16,00:14:33.197,2931,INFO,nova.compute.manager,req-3ea4052c-895d-4b64-9e2d-04d64c4d94ab - - - - -,[instance: faf974ea-cba5-4e1b-93f4-3a3bc606006f] VM Started (Lifecycle Event),37ad94f4
nova-compute.log.1.2017-05-16_13:55:31,2017-05-16,00:14:33.392,2931,INFO,nova.compute.manager,req-3ea4052c-895d-4b64-9e2d-04d64c4d94ab - - - - -,[instance: faf974ea-cba5-4e1b-93f4-3a3bc606006f] During sync_power_state the instance has a pending task (spawning). Skip.,75ae4961
nova-compute.log.1.2017-05-16_13:55:31,2017-05-16,00:14:39.066,2931,INFO,nova.virt.libvirt.driver,-,[instance: faf974ea-cba5-4e1b-93f4-3a3bc606006f] Instance spawned successfully.,ea229957
nova-compute.log.1.2017-05-16_13:55:31,2017-05-16,00:14:39.067,2931,INFO,nova.compute.manager,req-3d26bc3d-373c-4269-b095-004aab7a9785 113d3a99c3da401fbd62cc2caa5b96d2 54fadb412c4e40cdbaed9335e4c35a9e - - -,[instance: faf974ea-cba5-4e1b-93f4-3a3bc606006f] Took 19.47 seconds to spawn the instance on the hypervisor.,7b9f9ff2
nova-compute.log.1.2017-05-16_13:55:31,2017-05-16,00:14:39.198,2931,INFO,nova.compute.manager,req-3d26bc3d-373c-4269-b095-004aab7a9785 113d3a99c3da401fbd62cc2caa5b96d2 54fadb412c4e40cdbaed9335e4c35a9e - - -,[instance: faf974ea-cba5-4e1b-93f4-3a3bc606006f] Took 20.22 seconds to build instance.,c6dcb74c
